user_name,rating,date,review,review_id,app_version,replied_at,reply_content,thumbs_up_count,user_image_url,bank,source
zelalem fekadu,4,2025-06-07 20:21:52,A great app. It's like carrying a bank in your pocket.,a7d1c799-ba53-4a0a-a8d6-c5400a009825,5.1.0,None,,0,https://play-lh.googleusercontent.com/a/ACg8ocJkhFQ5e-YjOpdzK09N1cVPutz61WO50Duj08CKNnBXFgevAg=mo,CBE,Google Play
Mossa Yiha,4,2025-06-07 18:21:26,More than garrantty bank EBC.,64ed5562-1758-4eb8-9291-8b6edc394118,,None,,0,https://play-lh.googleusercontent.com/a/ACg8ocJYBSywLl9YI4rKo-eK_CBpA1xH3nc-PhOF8w0stwA8JX_Q=mo,CBE,Google Play
Hussein Seifu,5,2025-06-07 11:02:38,really am happy to this app it is Siple to use everything,d0c05687-ddd4-43fb-95a9-08f6358d80a2,5.1.0,None,,0,https://play-lh.googleusercontent.com/a-/ALV-UjXBctQdkp4PPlOuhSpEHpXqnEfE3qnPIblgUGEyCZz_tRxBVA0u,CBE,Google Play
Adonijah,2,2025-06-07 10:50:29,I liked this app. But the User interface is very basic and not attractive at all.,811bf820-3529-433a-9b6d-e624fa23a16a,5.1.0,None,,0,https://play-lh.googleusercontent.com/a-/ALV-UjXlSd5EGcPWOfdayL4wNs-RBpYOr7d9RuCnWJ0W-S-KNKqWA5Ui,CBE,Google Play
Aim4 Beyond,4,2025-06-06 09:54:11,"""Why don‚Äôt your ATMs support account-to-account transfers like other countries( Kenya, Nigeria , South africa)""",be2cb2ac-bbe0-4175-81c4-9f6c86afdaaa,,None,,0,https://play-lh.googleusercontent.com/a/ACg8ocJ8haRPi_VW5lsN16hQDpUE8f3f24u6P2mvRwSw8wBpampb4g=mo,CBE,Google Play
zakir man,1,2025-06-05 22:16:56,what is this app problem???,8efd71e9-59cd-41ce-8c5c-12052dee9ad0,5.1.0,None,,0,https://play-lh.googleusercontent.com/a/ACg8ocIaDh7pRBLVsnHLsBv46_gAKfsn-qU-2XjRVXPA7TqSZDhWXQ=mo,CBE,Google Play
Yesuf Ahmed,5,2025-06-05 15:55:10,the app is proactive and a good connections.,b12d0383-9b27-4e49-a94d-277a43b15800,5.1.0,None,,0,https://play-lh.googleusercontent.com/a/ACg8ocKGPQACprQ8i86KsvFIip9JVo_DJt7Cn1txAGLmBub8N7WzfVc=mo,CBE,Google Play
Yonas Mekonnen,3,2025-06-05 11:12:49,I cannot send to cbebirr app. through this app.,dd9f9e37-177a-46df-b877-d0edaa9aed29,,None,,0,https://play-lh.googleusercontent.com/a-/ALV-UjVlceONIeYBvSlJqr38IAsNE5k_M3YUSsER5O-Y1z6nGpJKdlyJ,CBE,Google Play
Yibrah Yebo,4,2025-06-05 10:21:59,good,8e34703c-203c-4180-8b32-bfd0b3f0c871,,None,,0,https://play-lh.googleusercontent.com/a/ACg8ocIKkRGGYSkPVjJIRB6dn6Z59tMY5ohTxGwr1OsRoa8VOENAyw=mo,CBE,Google Play
kibru tebeka,1,2025-06-05 07:38:12,not functional,6f0c7fa2-3ce1-4310-b135-54fe0cb9fccd,5.1.0,None,,0,https://play-lh.googleusercontent.com/a-/ALV-UjXQ7_w9PwBL5jMoLjyEEFRaD5_9O7Z7XAM3rxcFPdMJU6b8F6_N,CBE,Google Play
Abreham Shiferaw,1,2025-06-04 21:33:36,"everytime you uninstall the app you have to reach them out physically. very oldy! if that's one of security layer, they'd check for fraud attempt via app source directly(source:- app store, play store ... etc) implicitly ! we are in 2025, physical presence for every app install is traditional(traditionally very rare).",f0dd744a-9409-4619-9800-7ea501571b09,5.1.0,None,,0,https://play-lh.googleusercontent.com/a/ACg8ocIllhkRDpepY0qj4wv4WyF-vtlyLaq9qjoQbQyJ6dBvCPVbiA=mo,CBE,Google Play
Ibrahim Sultan,4,2025-06-04 20:54:30,·ä†·ä´·ãç·äï·âµ ·ã®·àù·äì·àµ·åà·â£·â†·âµ ·â¶·â≥ ·àµ·àù ·åΩ·çà·äï ·äê·ãç ·ä®·ãö·àÖ ·â†·çä·âµ ·ã®·àã·ä≠·äï·â£·â∏·ãç·äï ·ä†·ä´·ãâ·äï·â∂·âΩ ·ã®·àù·äï·çà·àç·åà·ãâ ·äê·åà·à≠ ·åç·äï ·ä†·ã≤·àµ ·ä†·ä´·ãç·äï·â∂·âΩ mr ·â•·àà·ãâ ·ã®·àö·åÄ·àù·à© ·â†·ãù·â∞·ãã·àç ·åç·äï ·ä†·çï·àç·ä¨·àΩ·äë space ·àµ·äï·åΩ·çç ·ä†·ã≠·âÄ·â†·àç·àù ·â¢·àµ·â∞·ä´·ä®·àç,3949d8e0-7ac4-4b43-b4f4-a45d6a888a85,5.1.0,None,,0,https://play-lh.googleusercontent.com/a/ACg8ocI83pD7rwMdWhbBkMe_Uf9G-N3ie4cpbd8WHREwtKKqobor9Q=mo,CBE,Google Play
oliyad werku,5,2025-06-04 19:59:04,best,36f83ed0-3935-4ebd-98e5-34cf25095d32,5.1.0,None,,0,https://play-lh.googleusercontent.com/a-/ALV-UjX5FpDLm6f-V65Jq_eKnmYL3ZGSnj7N4uvVwsGnGphvlFzRIKQt,CBE,Google Play
Aschalew Fereja,5,2025-06-04 18:22:41,bezabih,f2bb4b73-090e-4834-8c89-2263a1158c38,,None,,0,https://play-lh.googleusercontent.com/a/ACg8ocK0uZMfanJAYIpdKLaNqryaczX607PY3AQlyox5ZS3ygBsnYQ=mo,CBE,Google Play
Kumsa Mergia,5,2025-06-04 16:50:52,Best Mobile Banking app ever,54f070b9-895f-40e8-be18-acb16f8af7fa,5.0.4,None,,0,https://play-lh.googleusercontent.com/a-/ALV-UjUtdetqH7JctDXRv-xaKXCoOM8H2xRtor6BNwZeI1ZvEs58O_RL,CBE,Google Play
Abuki Se,5,2025-06-04 16:00:15,good,aa72fd94-aca8-48b2-bae2-29ad7633c7fb,5.1.0,None,,0,https://play-lh.googleusercontent.com/a/ACg8ocKnjlbe5fE89AH0faEYLSSbHd1R2DPBLvdDw_xyDxnzUSa1hg=mo,CBE,Google Play
Hermela Yoseph,2,2025-06-04 15:56:02,it was good app but it have some issues like it doesnt give me the right amount that I have in the bank and have some issues in transferring,9af95d2a-e42c-45ff-a4c9-5c38765df4a4,5.1.0,None,,0,https://play-lh.googleusercontent.com/a/ACg8ocII_limfTYiQ1E0p2WxjjYmmhWmVVYwvzgdrBpyvD60R4QZ=mo,CBE,Google Play
Degu Emiru,5,2025-06-04 14:59:40,good,88a64315-9de3-4a35-ac27-5ff37c2833b6,5.1.0,None,,0,https://play-lh.googleusercontent.com/a/ACg8ocJfMd2UrSSMoKcxEblqxJtopDSwNxPlvjvvJrzMAHLLRG4I2w=mo,CBE,Google Play
Melkamu Chalchisa,5,2025-06-04 14:52:50,Good,c2cf0ff7-85ac-4e7c-902d-a8c5a8d69e22,5.1.0,None,,0,https://play-lh.googleusercontent.com/a/ACg8ocJ-HOzLQ6Q64t0YI4I-b6npd-lVXB1_6R59UJt9_7MIr1dGoA=mo,CBE,Google Play
Sami Kassa,5,2025-06-04 12:43:21,üëåüëç,acadb124-d34c-4387-97e8-266200c78d4e,5.1.0,None,,0,https://play-lh.googleusercontent.com/a/ACg8ocLHjkB4L4dJhGduz1MZSPvcKdNeuwcDZppCWQfl9bA6B05GdA=mo,CBE,Google Play
Tilahun Nedi,5,2025-06-04 11:21:53,very niec,42eed344-f5b7-49be-a7eb-b1c14386e20b,5.1.0,None,,0,https://play-lh.googleusercontent.com/a/ACg8ocLgnu_QJBSOGQlCfoa6QF9DfVCB_IayarnZX9R7yeGVQX8wlQ=mo,CBE,Google Play
Abdurahiman Abubaker Hussein,5,2025-06-04 07:38:54,best app of finance,fce00cda-d71a-486e-a4c2-7479ab7793bc,,None,,0,https://play-lh.googleusercontent.com/a/ACg8ocIUwynWtn8IyS1o2rS9tnV0btLlCNLaptoYNiyZo5qaG9TzVkk=mo,CBE,Google Play
Milky Yebassa,1,2025-06-03 21:04:44,yetemeta,f543a13e-bc0f-4348-b57f-3a83eb67206c,5.1.0,None,,0,https://play-lh.googleusercontent.com/a/ACg8ocItLxGE_PBf-JBa3JF5IJf75EufuW87O9vlVQ-R33txSaqOlQ=mo,CBE,Google Play
ENGIDA KEBEDE,5,2025-06-03 20:20:23,Engida Kebede Fetera,2470d199-834a-4134-a0f9-8c684ba75491,5.1.0,None,,0,https://play-lh.googleusercontent.com/a-/ALV-UjVXjjg9UVBsJjaIkmUE95mx5dA-es0HrmFux0FVTpJTdB8zEvk,CBE,Google Play
Abel Beyena,5,2025-06-03 11:32:52,good,4beee0dd-05ad-474c-bdff-0146723f2179,5.1.0,None,,0,https://play-lh.googleusercontent.com/a/ACg8ocIn6m2s4yuKhF4m4p3TscFhIqQOmY1QMBYzmYUNFfyESxhoMA=mo,CBE,Google Play
Senayt Weldeslase,1,2025-06-03 09:14:31,it is not safety,428e5117-387f-4c9d-b095-3230e3f83a8a,5.1.0,None,,0,https://play-lh.googleusercontent.com/a/ACg8ocIYeIM_puZvfx6HFyC5ugfnY3TKdOPhZhmnY25LLpvHJK_LpQ=mo,CBE,Google Play
alem haylay,5,2025-06-03 08:42:36,NICE bank,f897e474-f560-4cf9-b66b-48c455443bfe,5.1.0,None,,0,https://play-lh.googleusercontent.com/a-/ALV-UjUIh1l8KBPcyNRGzx5pC6ydc22DxP4Nbg7Vcar8lXIhHS5EAME,CBE,Google Play
Anwar Kebede,1,2025-06-02 12:23:42,it is like a childish app make it better the worst I have ever seen,2f605bab-a62d-4298-bb1d-0b749bc666c4,,None,,0,https://play-lh.googleusercontent.com/a/ACg8ocJw2bT79kJIXzj4YT7gNz8m-S3n3i5zgCeBYO6nFmXs7YixcA=mo,CBE,Google Play
Haileselassie tesfahunegn,5,2025-06-02 10:40:18,"It's a problem solver application, go ahead CBE, I love so much.",90395621-bcb9-4c87-9742-57faa8e345c1,5.1.0,None,,0,https://play-lh.googleusercontent.com/a/ACg8ocJzVqbQIJ45gnHsUbVhuEb2Es1OHHv-cL8meXr6PAX3OcR0N4Q=mo,CBE,Google Play
Michael Tadesse Kitila,4,2025-06-02 09:11:40,It's good but try to make it facilitate for your client,a6a00b41-127d-4dda-b175-e65b9879dec7,5.1.0,None,,0,https://play-lh.googleusercontent.com/a/ACg8ocI8D5OlKyLNwHpP8Pko0d3S_rglM51adKIWztiWS0K3ERurLg=mo,CBE,Google Play
Endalkachew Yihenew,5,2025-06-01 21:16:28,best app,fae0ea4e-f650-415c-a91a-95b6b3149979,5.1.0,None,,0,https://play-lh.googleusercontent.com/a-/ALV-UjU7MtaxmaVxtZc4gJq7DZ3tl0GyKlkEUyUUh26KM3_DqCYeCLM,CBE,Google Play
Zewdu Seifu (Merga),5,2025-06-01 20:31:42,Awesome bank,a3290b0c-4569-4ed7-87aa-3a18639b4525,5.1.0,None,,0,https://play-lh.googleusercontent.com/a-/ALV-UjWd-Kj0-gof8L5QktK3rjML8TPY2VjWp8hj1oZm7pFGk9EECmU,CBE,Google Play
Mac Meshesha,5,2025-05-31 21:21:18,this app has developed in a very good ways but there are some comments I need to make 1- preventing the screenshot likely not good for someone like me coz I need to make screenshot for quicker evidence. 2-it would be good if you make us to access recent transaction histories for 30 days coz we don't have to go to the Bank's in person to see old transactions or add colander category so user can easily access old transactions through colanders.,50ffac9d-437d-4d26-af4f-b6b0153d55fd,5.1.0,None,,60,https://play-lh.googleusercontent.com/a-/ALV-UjXNwss5ukaO3Z4E7A05ofi52INBpy1dkKkf3IVwrjyw_UPQzLlG,CBE,Google Play
Abdusalam Mohamad,5,2025-05-31 14:37:05,Masha alla,0c9b996b-a42e-4500-84fa-1d5eb764f490,5.1.0,None,,0,https://play-lh.googleusercontent.com/a/ACg8ocKb-3WOhN9mNQsYo8lrVSrkNFbgITf1p8uMiYFVLs_j98Q3Ug=mo,CBE,Google Play
Amanuel Gedefaw,2,2025-05-31 11:30:33,"Recently there is big problem when sending to safaricom, telebir, and even to cbebirr wallet could anybody who is responsible fix it, it's very frustrating it's been 5 days and my money hasn't been returned it takes it out of my account but doesn't send it to my mpesa update- they have just corrected it and sent me back the money but still I'm afraid now to send again",8bf4df47-c266-4152-9790-4217143b3a91,5.1.0,None,,1,https://play-lh.googleusercontent.com/a/ACg8ocIK2kNAZSUcQCNFrZA0Ob5-GTJ8TZjVopHQTUCeHbtaQJRJ-g=mo,CBE,Google Play
Mule Doni,5,2025-05-31 07:28:05,better service,62a13195-2c9d-4606-8f83-2866774e122c,5.1.0,None,,0,https://play-lh.googleusercontent.com/a-/ALV-UjWZWicMdG01nAZTBXKjIjY0kFb9BbVNYT-w-_n-XRbfNEdxgYg,CBE,Google Play
Gemechu Kedir,5,2025-05-30 19:13:36,"it,s good app and time manager üëç",66bc4eed-2004-41ea-89cd-5bed26921bc1,5.1.0,None,,0,https://play-lh.googleusercontent.com/a/ACg8ocJdnuCx8vYJ7kr2wcjLZ4g4tsqo_Cdmls0DYMvo8F4QUfH8=mo,CBE,Google Play
Melkamu Jida Nemo,5,2025-05-30 15:08:04,malkaamuu Jiidhaa Namoo,17190f44-a419-45dc-be9d-68b80c5360a2,5.1.0,None,,0,https://play-lh.googleusercontent.com/a/ACg8ocJObH38rJusw50YTld2zym-nQV0C9Z48vI93q3MtBfQBSYUeg=mo,CBE,Google Play
Amanuel Habtamu,3,2025-05-30 13:45:05,lower system everything,34cf56c4-74b9-4bec-b474-0d533f8aff49,,None,,0,https://play-lh.googleusercontent.com/a/ACg8ocJtgkGH9aEEuaH9jxN4vM4RIPVHIdOSBXWst6QPJnMYbeZBvQ=mo,CBE,Google Play
Daniel Dere Deffecho,5,2025-05-30 11:55:13,Nice!,43135ccc-5195-43a0-b7a1-c446368d8046,,None,,0,https://play-lh.googleusercontent.com/a-/ALV-UjUpB5w2WEs9M9ywat7ZAgVXRxDVPT765M37ieYaR_jqp5aJwob0xA,CBE,Google Play
Mulugeta Abebe,5,2025-05-29 09:38:37,Keep it up My CBE,b99da78e-335f-40cb-bae6-26b71fa7c68c,5.1.0,None,,0,https://play-lh.googleusercontent.com/a-/ALV-UjVZ2UoNygirjegTz_U62ySLhl7AYzJZYgjbiZzj80sEgpf5vYmf,CBE,Google Play
Haider Sadik,5,2025-05-28 15:56:18,yes good,aa3d99be-ecdc-4651-ad1e-347f0f8cd3e2,5.1.0,None,,0,https://play-lh.googleusercontent.com/a/ACg8ocJwL7PBEMSPls9tdq9wY5QeN9VG-xOn06-cL_ryHNJ3TQLmLRA=mo,CBE,Google Play
amha habteyes,4,2025-05-27 23:47:06,"I was using this app for the last two years with no problems. It stopped working about 3 months ago. when I tried to transfer funds it gives me error ""can't do this transaction. inactive account.""",ea23b98c-f4c7-4fdc-b64f-d8097e5efd1a,5.1.0,None,,2,https://play-lh.googleusercontent.com/a-/ALV-UjVKBezJv1zPHOD23yXmailvl9WWDyPlTM3dj9jz8xQ0qhmQTyR3,CBE,Google Play
Melese Mekonnen Taf,5,2025-05-27 21:34:01,i like everything of this app,22c85c1d-46f6-4288-aab9-b615c040e6bb,5.1.0,None,,0,https://play-lh.googleusercontent.com/a-/ALV-UjUX2QQrexz1buRuikzA4cN4e6OuOY864a8vCN1UVfc-oHijTMk,CBE,Google Play
Zedy Muhammed,5,2025-05-27 17:48:15,good,058173b0-3379-42c8-9ff7-cea64a66895c,5.1.0,None,,0,https://play-lh.googleusercontent.com/a/ACg8ocI4aJhkoqHngD1OMxMygMQWEpz2EVmPnOIGwVNpqp5bT5Srig=mo,CBE,Google Play
Umi Abi,1,2025-05-26 17:59:50,ü§¨ü§¨ü§¨ü§¨ network üõú,b3310092-87a7-4996-b673-366957705b66,5.1.0,None,,0,https://play-lh.googleusercontent.com/a-/ALV-UjXim5fxgMAELsLlkEFo9txDnKJzw257frQAkSVV0FYsgypxTBE,CBE,Google Play
Abebaw,5,2025-05-26 15:22:54,Best,a5a0372d-1dac-4a2d-a84e-f2c4d2bdbe2b,5.1.0,None,,0,https://play-lh.googleusercontent.com/a/ACg8ocIycnRkjwAnjBUEOJw0V_Y-UQadYcELgzp1a1POZir-7EZR1A=mo,CBE,Google Play
Yasin Nurye,5,2025-05-26 13:43:02,CBE is the best financial application and and very dimple to use. I would like to say thank you so much for the developer of application. I really appreciate this app.,fe899c01-b28c-4e6a-b221-a14759e3a97e,,None,,0,https://play-lh.googleusercontent.com/a-/ALV-UjW7R0zw5JTfG96GiRo7dR0U2m8e2o8KCxXMNcHtAS7M6BsxR-E,CBE,Google Play
Bizuayehu Yeshi Asefa,5,2025-05-26 13:26:26,nice,03964dd0-bf0a-4d13-a6b0-c1437d02d94f,5.1.0,None,,0,https://play-lh.googleusercontent.com/a/ACg8ocLhtAUm3b3hX--cP3C6uPqQD9brYb7ItzppaoapM7AAII265g=mo,CBE,Google Play
Epheram Teklae,5,2025-05-26 12:31:42,good job,55381137-2212-4d86-9e3b-37b0910b9107,,None,,0,https://play-lh.googleusercontent.com/a/ACg8ocJIJ24abqDoEGxt_w-qTZYvOxP-s4x6FD70ZU7pB2f-tc_fFg=mo,CBE,Google Play
Mahamadrauf Mahamadrauf,5,2025-05-25 19:44:05,Good,ab728a43-6a39-41aa-a872-3e2a6154dc5a,,None,,0,https://play-lh.googleusercontent.com/a/ACg8ocIFhGT6_D6cDObi1_NkQoyRWhk2zmRTLeHD33C-lJbrUsWm7Q=mo,CBE,Google Play
Feysel Awel,5,2025-05-25 18:13:12,it's awesome!!,a9dd0b63-ccf5-4a8e-a0cf-5aae4cc0ef3b,5.1.0,None,,0,https://play-lh.googleusercontent.com/a-/ALV-UjVQ2913juaq_Eyxf1Vco5YSvEjm_l26lIkvPA3mbwPrUfpxcktR,CBE,Google Play
Sadiik Abdo,5,2025-05-25 17:34:23,best,311eda41-1f0d-412f-a35c-09eae912fcdb,5.1.0,None,,0,https://play-lh.googleusercontent.com/a/ACg8ocLlCm_B6aDe2SHs99Q0NXJK3Vt98LT4N7Mau_f9FZYdgwBPqA=mo,CBE,Google Play
andamlak bada,5,2025-05-25 14:10:07,thankyou every one,fe6bf4b0-6bbd-4d88-b5b2-fa31f19ac63f,5.1.0,None,,0,https://play-lh.googleusercontent.com/a/ACg8ocJZxpBFHYs96RJjiOxWupTk_1Fg4073Ra3Za0CuSZXUtu0IwQ=mo,CBE,Google Play
buli bekele,5,2025-05-25 13:35:41,best app,d5a14f98-2d64-4666-aab0-424dd1fc7e21,5.1.0,None,,0,https://play-lh.googleusercontent.com/a/ACg8ocI6q3uYMvX-l2LElmEVV3ThyHpkVi28yBgvAhbEuFjKvYvpct0=mo,CBE,Google Play
Safiyya Husein,5,2025-05-25 12:56:24,Ronaldo üáµüáπ ü•á,e24202d3-c8fd-46f3-9919-a6946c6ac403,5.1.0,None,,0,https://play-lh.googleusercontent.com/a/ACg8ocIIb1HnyfcIzOBCbRnU_iNbSCcEcBqyGnK0mCvhI3lp2y1niQ=mo,CBE,Google Play
Murteessa Abdurman,5,2025-05-25 11:51:45,"this app is absolutely fantastic I love it and I enjoying to it ,let us support this foundation together .",52aa3e01-9c6a-499d-aa48-b85b82d34781,5.1.0,None,,0,https://play-lh.googleusercontent.com/a/ACg8ocLR3AOkxlOYtiEWTe2i4nzEyH2RjwXsPdrYYKO0eP1zTjkUsw=mo,CBE,Google Play
Olyad Dagnie,2,2025-05-25 10:54:25,"The CBE app has been highly unreliable in recent weeks. It frequently fails to work properly on both Ethio Telecom and Safaricom networks, whether using Wi-Fi or mobile data. This week, the system was down entirely for extended periods, making it very difficult to access banking services. The app only functions intermittently, and the lack of consistency is frustrating. I hope the issues are addressed soon, and that any non-technical influences are removed from such essential services.",9e6b8e08-8acf-4e1f-a179-a5a703ff2ebc,5.1.0,None,,15,https://play-lh.googleusercontent.com/a-/ALV-UjVNuvTZx4Z3qkxcQdJw74AYnas7NWvTP6_9Q9tOJoIwMuWDolbA,CBE,Google Play
Tariku Tefera,5,2025-05-25 09:23:34,mortuary app,d4c4a244-7c41-4d44-9541-a9fefc6190c3,5.1.0,None,,0,https://play-lh.googleusercontent.com/a/ACg8ocLzyoGEV8TMTu4joHuZXhapRcLyXmKR_S3fO7cCrPfxNq68wg=mo,CBE,Google Play
Ayichew Welelaw,5,2025-05-25 07:30:44,it is smart app but it has stoped after some period of time on my device with out any reason .,8bc7721c-3d11-4a15-a787-fdb0c266a9f4,5.1.0,None,,1,https://play-lh.googleusercontent.com/a/ACg8ocKk6rI-9khznLhwGoRw61JiWUKhoLQwWb_2r6hzr5_gx9gQFg=mo,CBE,Google Play
Lencho Abdurahman,4,2025-05-24 23:26:43,amazing app I am used this app for one year,d3266f1c-8cb9-4766-a90e-47c2532a2b42,5.1.0,None,,0,https://play-lh.googleusercontent.com/a-/ALV-UjV8s6mQJtu6DCLm4hlLELwLCYXsNSH41-HzpTNkbp1jQ_01NCC7,CBE,Google Play
Burqa Tube,5,2025-05-24 18:36:13,üëç,1426b3c3-e096-4535-9ec8-f9972af0ac54,4.3.2,None,,0,https://play-lh.googleusercontent.com/a-/ALV-UjUk-Az9gmWgZwGi8OcAcECjhkrnYoh7hzbrrlSMUoUa9l1lVSgN,CBE,Google Play
Zelalem Abenet,5,2025-05-24 17:06:49,good app,505a4969-b975-4810-a641-b501ba9dc078,5.1.0,None,,0,https://play-lh.googleusercontent.com/a/ACg8ocLtzEk26Kw484aaTylSeCXITDfoQumxsoW2RPswt0fEJBwNIw=mo,CBE,Google Play
Ebisa Wakgari,5,2025-05-24 16:05:47,i love it üòçüòò,5864d26a-c52e-4755-86e5-3bfbf9f1d814,,None,,0,https://play-lh.googleusercontent.com/a/ACg8ocJK1GKqFVLVMbQwLxrPatiUfSXx0rDOQIMR-hVVcK486LORfQ=mo,CBE,Google Play
Abrham Fisseha,5,2025-05-24 14:47:07,It makes life easy!üëå,f49a91cf-b302-4977-a99d-c545b7213dad,5.1.0,None,,0,https://play-lh.googleusercontent.com/a-/ALV-UjXdUT-SX0a4WVAcbgS-LfuCe3GSKKf-O9wvTFQkGx40lf04E4N-,CBE,Google Play
Robi Merha,1,2025-05-24 14:02:19,its not fast,893a61e9-9eeb-4972-9a46-1eb810d54520,5.1.0,None,,0,https://play-lh.googleusercontent.com/a/ACg8ocKq3b7L3iLV9xr5XoKKdq9p56TVQ8G0Lwst4K-gqbgYn3rstg=mo,CBE,Google Play
Demlash Demlash,4,2025-05-24 09:26:38,wow,9178649b-de1e-4cda-b5c0-b818fcfb560a,5.1.0,None,,1,https://play-lh.googleusercontent.com/a/ACg8ocLDToXQqecubnH97f4m4yd6C9tealfqfed7ZoszSwM0g38gzq0=mo,CBE,Google Play
refo Kamil,5,2025-05-24 09:26:18,it is sooo good,85e5a705-1f69-439d-be61-5b0cd73237e2,5.1.0,None,,0,https://play-lh.googleusercontent.com/a/ACg8ocJqfO2BxO53oiAq0Fkd_KNCDqd85E98cLn9A-iVTxmqsJ_tMg=mo,CBE,Google Play
Yitagesu Haile,5,2025-05-24 04:51:52,excellent,46c30714-0201-4098-a5a5-b4c94924181d,5.1.0,None,,0,https://play-lh.googleusercontent.com/a-/ALV-UjUSQzAf65P48YCySJDSOKtHXjYgx30B2a4ncnALeQ98Ys42Oos,CBE,Google Play
Fahed Aman,1,2025-05-24 01:33:28,ok,fd822304-f04e-4be9-a1e0-c6ab0dd5d485,5.1.0,None,,0,https://play-lh.googleusercontent.com/a-/ALV-UjUnZucCKGb7SkqB3SQyhrGY9nKejfXtkr_bdt529lXpIuU_fno,CBE,Google Play
Mikiyas Mereke,5,2025-05-23 23:51:45,Fantastic,7663c1c2-6a74-4566-9e5d-c4451449d9d0,5.1.0,None,,0,https://play-lh.googleusercontent.com/a-/ALV-UjWVHqIHaeXPc5mUg9Ymx-2wW__KwOwOGVhiqWp8euxOhtenVgGz,CBE,Google Play
Fami Hussen,5,2025-05-23 23:26:13,accessible to using,dad4e463-c5b1-47bc-a193-84741470825e,5.1.0,None,,0,https://play-lh.googleusercontent.com/a-/ALV-UjVhXuDg9bj2NXS0C5cKJMo7jh6OGQDBwuqUADRECTufYc_mioMz,CBE,Google Play
Kira G (K),4,2025-05-23 20:14:08,I like it,382b6807-a1f4-48e7-98fe-d22eeb1edd4d,5.1.0,None,,0,https://play-lh.googleusercontent.com/a/ACg8ocL44nAR5Lq1g-BtYFgjY_nisxPSne3xLRO_xB4b_Da6_jZFFg=mo,CBE,Google Play
Ahmedhussen endris,5,2025-05-23 20:01:01,good,5cf0ff9b-047d-4575-9351-eb77dee85e05,5.1.0,None,,0,https://play-lh.googleusercontent.com/a-/ALV-UjWkXRSD5i4qkbQULGePf1J27BrbNBIw9CSbq19tpUGQlTuagq_-,CBE,Google Play
MUHAMMAD Shifa (Shifa),5,2025-05-23 18:14:51,why you change default network?,a68dfd3a-aaa3-48bc-84b8-842311de1b8c,5.1.0,None,,0,https://play-lh.googleusercontent.com/a-/ALV-UjUH4t8LEXedtwVq9AdlSp6vlwTbABYbLOAoJI1m9QP93JLbghc,CBE,Google Play
Abdul Jalil,5,2025-05-23 17:27:51,very nice üëç,2938c3f2-fa9c-4847-98e1-b0bfc57cb614,5.1.0,None,,0,https://play-lh.googleusercontent.com/a-/ALV-UjUEthoZuF1kSUfMgkYdEKSuoUyJpICiCzZvg-kKB7tazQOTKfs,CBE,Google Play
Haileselassie Gebremariam,5,2025-05-23 16:15:22,good,bbe86a27-add8-491a-9414-cb69534c384a,5.1.0,None,,0,https://play-lh.googleusercontent.com/a/ACg8ocIUpPU5paMuiaCWk9WSJ0BsEnuXjuqEMdHqgC0w-dwEHsUC=mo,CBE,Google Play
Kenenisa Abdo,5,2025-05-23 15:27:32,nice fast app,c2af9859-2af3-409d-8df2-57b98b6d29e1,,None,,0,https://play-lh.googleusercontent.com/a/ACg8ocITT8iyu6KT-ag9OQ9YI6tkiF8ebb39c6QnDdpzS5wWiAlnWA=mo,CBE,Google Play
Abay Zerhun,5,2025-05-23 13:04:04,good,cb138ee0-5b31-4f4d-a98e-cc5429cdd12a,5.1.0,None,,0,https://play-lh.googleusercontent.com/a-/ALV-UjWXPW0hvpaob72JWA-ihTghitD7k5Zn56F2r068BQaHM3ElkIr5,CBE,Google Play
Murad Biru,5,2025-05-23 05:49:33,best,3e538d9f-cec3-4f37-ad3d-547d33729ea5,5.1.0,None,,0,https://play-lh.googleusercontent.com/a-/ALV-UjUtXK9yhI6K49NNF3YD5l3bTFmraQ4u4YxqVWOAC8J_Yu3m5H8,CBE,Google Play
Abu Waritu,5,2025-05-23 01:43:04,how to I get my money,3589e146-296a-4c7c-9c8d-8f1593190cbe,5.1.0,None,,0,https://play-lh.googleusercontent.com/a-/ALV-UjWDU_NohmaTxOoeUN1lkihAunIrx-3WE4QV3k3cdlfrnC3Y3O0,CBE,Google Play
ISMAEL,1,2025-05-22 22:46:06,"Very bad, can't even load they need to improve their services.",7dc48c33-245c-4920-9cf7-4b3d40d00064,5.1.0,None,,1,https://play-lh.googleusercontent.com/a-/ALV-UjXR8y0__eqVC-zXXMBAf0dCGhkXxdenIuNotS9l6VMnqCqqSe_L,CBE,Google Play
Dave Tekle,4,2025-05-22 20:33:56,"Very good app, but please make it reliable . it crashes sometimes .",e207b071-24a5-447f-b6b3-0eb287986a88,5.1.0,None,,1,https://play-lh.googleusercontent.com/a/ACg8ocKTzmysuEHNN1cSOnzksQHyRyUWaQYU6zdktZ70JL2jU6tmuA=mo,CBE,Google Play
Solomon Umako,3,2025-05-22 19:55:41,very busy I don't know why... I prefer 889,d3187592-0b15-407a-a9a0-bffbd13bc2fd,5.1.0,None,,0,https://play-lh.googleusercontent.com/a-/ALV-UjW9qZvd4p9gFUiBVCUCedBfUkeN7hBdiNeybUa-LfEvNghK4HI,CBE,Google Play
mastewal nigussie,4,2025-05-22 19:24:00,"Sometimes it has a nasty lag for several hour fix that , the rest is üëå",5c907c9f-8bd3-4703-9505-744e632c595c,5.1.0,None,,0,https://play-lh.googleusercontent.com/a/ACg8ocLD1eFIkZ73Kgc1Ve_OAUgJcYzfkyX616btfHfYxMjn4tf3PQ=mo,CBE,Google Play
anteneh gebeyehu,1,2025-05-22 18:27:34,the most boring Mobil banking application in ethiopia.Please use alternative private banks mobile banking apps,f5386dd0-124d-4a3e-964e-75f475130af9,5.1.0,None,,0,https://play-lh.googleusercontent.com/a-/ALV-UjWpomJW-4QbCqkLbpsxZnndasSVtTxjImgvGIkIyT2eygafr4Cs,CBE,Google Play
Adam Idiriis,5,2025-05-22 17:52:02,hojii bonsaadha,cecd67ca-fc27-4414-8704-0f705520fa98,5.1.0,None,,0,https://play-lh.googleusercontent.com/a/ACg8ocLUv-P3NyC3tMGlii_GIrZLa6j04_Iyo5Eif_CozmBc2eQWSg=mo,CBE,Google Play
Kaf Delil,5,2025-05-22 17:50:33,ok,beef426f-6270-49b7-9f5a-ae9bc8cc3690,5.1.0,None,,0,https://play-lh.googleusercontent.com/a-/ALV-UjWyMd26HffcDz9Ct1Yk4u3n7fbcimDEZfGSka0H0WOy7XsU-AY,CBE,Google Play
Abdi Jihad,5,2025-05-22 17:30:13,ok,937d6610-96cf-46b9-b9c2-34b6e475dd33,5.1.0,None,,0,https://play-lh.googleusercontent.com/a/ACg8ocISBfityM7zOP4cQUDW-HAyuHWchwfJqliHcIkqYzfTrElGmw=mo,CBE,Google Play
Fahmi Aman,5,2025-05-22 16:46:03,user-friendly apps.because this app is easy.,310cffb5-629d-4f32-b55c-aff448ddad2d,5.1.0,None,,1,https://play-lh.googleusercontent.com/a-/ALV-UjW1D90povXxQa25AFWnMr5myxhkJA_HuEY411yrboAnffM1XiES,CBE,Google Play
Akalewold Girma,5,2025-05-22 16:14:31,Awosome!!!,02df386f-21b3-47c3-921f-4bf17ce136f8,,None,,0,https://play-lh.googleusercontent.com/a/ACg8ocJ6beUVpVZ4-N6p0x3dKrEcMoVu_FXkBDODYvFXFXdhE4EbKQ=mo,CBE,Google Play
Mahmud Abdelqadr,5,2025-05-22 16:09:44,"Very good app,",b9c8ce60-4060-438b-a0e8-c8faf314b7a4,4.3.2,None,,1,https://play-lh.googleusercontent.com/a-/ALV-UjXj31eZMEK7M4_rpLTnaLaZawgnl05t4-7sTuciNgwPgpD-FtzK,CBE,Google Play
Addisu Adinew,5,2025-05-22 16:03:46,sync problem may 22 2025 but the date stack on may 8 2025 help pls,34d6492b-f6e7-42ed-851a-348ab215c36a,5.1.0,None,,0,https://play-lh.googleusercontent.com/a-/ALV-UjVCcOprZwR4Ha9xOl2ApsuIHkNT5JjobD2Tmv5sN6ObSne4sHV8,CBE,Google Play
Yuusuf Muhammed,5,2025-05-22 15:20:56,·ã≠·àÖ ·àò·â∞·åç·â†·à™·ã´ ·â†·å£·àù ·å•·à© ·äê·ãç. this app is very nice,51d29cb1-86f9-45cb-8c16-04c431d7d213,,None,,0,https://play-lh.googleusercontent.com/a-/ALV-UjXlWVLmzs00w-o4aqyWyBoyVlMd2opqZLa-Biuj7I9inUN1f48,CBE,Google Play
Samuel Girma,1,2025-05-22 12:27:49,I hate this app üòí,23ee51ec-56a4-4b30-987a-2c854badda8d,,None,,0,https://play-lh.googleusercontent.com/a/ACg8ocJpTBKYzTpNxEpndBDqZuqoWvlAXi3j8H3hGTe5dj2Vr-xOKg=mo,CBE,Google Play
TEMESGEN GABISO,5,2025-05-22 11:00:13,trustful,2e950543-b00d-445e-9d57-57f26f6f8c8c,5.1.0,None,,0,https://play-lh.googleusercontent.com/a/ACg8ocINNd2CrkJWadZVe-MCWChYs1J-46cwRcBftLVEGXAMeIwKDw=mo,CBE,Google Play
Mame Mame,5,2025-05-22 02:52:56,I like,4e46ad7e-37a8-4538-8add-83c140705840,5.1.0,None,,0,https://play-lh.googleusercontent.com/a-/ALV-UjUomxtJnso6fGaFTsVXDaO0EeSHG_hm4nD70Z1qR4UcipQWVzw,CBE,Google Play
Living The Moment,4,2025-05-22 02:25:20,update issue,0073bcff-2f19-431b-ac20-770d2c08e9a4,5.1.0,None,,0,https://play-lh.googleusercontent.com/a-/ALV-UjVyr94SZvHBEhm9IHnKb__NxDP7eBt-tFBLbozLwUEcjm2YOii2,CBE,Google Play
Paula Pes,1,2025-05-22 02:08:26,its not working over safari network,392ef1b2-7904-4874-99c5-45d7d98344ac,,None,,0,https://play-lh.googleusercontent.com/a-/ALV-UjVWAtGJM0LSWwuc9bWOe713TJdrzAUR94AhrGltq1A3INj1dWM,CBE,Google Play
Kal,1,2025-05-22 00:55:50,oldie,f52e56b1-7c66-4e8f-942d-06f23ea3ecae,5.1.0,None,,0,https://play-lh.googleusercontent.com/a/ACg8ocKraKsDkaiilGmZa__Hl55OkL3bXtFdtBllIGaMIYQ02b6aHg=mo,CBE,Google Play
Elias Zufan,1,2025-05-21 20:39:04,it doesn't work,832328c2-cdd0-465b-b6eb-e519f7ffa59d,5.1.0,None,,0,https://play-lh.googleusercontent.com/a-/ALV-UjWMgwSuwfZbpsfCam72dnSsiTr6IIRhFiGN7S2p0cRivMv69Iw,CBE,Google Play
Girma Gelana,5,2025-05-21 20:18:27,best,c87d1b60-a04d-4750-ac31-d46a08adf46b,5.1.0,None,,0,https://play-lh.googleusercontent.com/a/ACg8ocLwg2QGJQ02JrrI7ASpyRgFub9m5JI7rL_Spe_D5Y7_9OYDdO4=mo,CBE,Google Play
Bonsa Muzemil,1,2025-05-21 19:43:36,"This app is good, and we are using it well",39f74545-07ff-415e-a401-2266fe41e7df,5.1.0,None,,0,https://play-lh.googleusercontent.com/a-/ALV-UjXu_uiOhNRBi8ysVICO7hRyUv2XFKRtSHwPG2VnJeySRvyA2Sw,CBE,Google Play
abush nesha,5,2025-05-21 19:41:31,ok,4ba8ffe0-42c2-409c-a00b-8c784ed2b1e9,5.1.0,None,,0,https://play-lh.googleusercontent.com/a/ACg8ocKnJUo7Lq68bMDWjRRXNLDPABZCSwIQ1zkKcPbXz3C-ni7alA=mo,CBE,Google Play
Lali Teshome,5,2025-05-21 19:19:48,best app,a526cc1a-0040-4cb5-87cb-30b59f51a06e,,None,,0,https://play-lh.googleusercontent.com/a/ACg8ocJyMORQCQnRLgGVr4WqITZBp4nkLidsVisHHfqNYs41cp0RYg=mo,CBE,Google Play
Bereket Adamu,5,2025-05-21 19:07:59,best,7eab74f1-3686-4b99-8a23-28fd9d27f6a4,,None,,0,https://play-lh.googleusercontent.com/a/ACg8ocLzLzppy9EV2yJBBM0yNW3ta_QtrfzEHXALSF3xM1VpXX-t5g=mo,CBE,Google Play
Abdule Yube,5,2025-05-21 17:28:54,very nice üëå app for android phone,05e70242-c8ac-4cee-8b41-22da134c5837,,None,,0,https://play-lh.googleusercontent.com/a-/ALV-UjUuBrAoewEHDqKnzxoVxlq-1FSzHO_Nd6gkOR7w5hCi7sx1N44,CBE,Google Play
Nesredin Seid,5,2025-05-21 16:20:26,good app,5a727b0d-4427-4abe-8e9f-9e36369c849c,5.1.0,None,,0,https://play-lh.googleusercontent.com/a-/ALV-UjVrgrOY8LhGUlxXpWtQ07i_jfn4MBWnnu90X4TiJ5nNvyr_tQU,CBE,Google Play
Magarsaa Ibraahim Muhammad,5,2025-05-21 16:01:46,Yes Yes,4040342a-f343-4818-8d39-d9ae5c12d4bc,5.1.0,None,,0,https://play-lh.googleusercontent.com/a-/ALV-UjV5PBlnJ-nsWBjXO8ZSlbdS9UNBpVjRyscAGEaQRwy9NtqcNpFy,CBE,Google Play
Lele Apostle,1,2025-05-21 14:37:48,·â†·å£·àù ·ä®·à≠·çã·çã,f9d83d70-1916-498f-91e9-acaa7a5d75f1,,None,,0,https://play-lh.googleusercontent.com/a-/ALV-UjXqj1xyOEfY-hBROQ0cx6c-rgvVZGLJyPIMIKZbCo0himQZDR-h,CBE,Google Play
Fasika Abduraman,5,2025-05-21 12:23:24,easy to use helpful in my life,ca0ab815-f3f0-4620-9660-bfb79f818314,5.1.0,None,,0,https://play-lh.googleusercontent.com/a/ACg8ocI3N-sEusrkCMRzG7qTRa-1PK5g-Lys6oJPCpAhAe5GDHmAXg=mo,CBE,Google Play
habib mensur,4,2025-05-21 12:07:35,good üëç,0a051c60-7488-4b4c-9a53-672827aaef6f,5.1.0,None,,0,https://play-lh.googleusercontent.com/a-/ALV-UjXNRJ5ptKEjGorJvXjKH0ykTCpDfjcDC3D6LOPqcsQO_olxZqBK,CBE,Google Play
Alemayehu Aynewa (Alemeji),5,2025-05-21 12:06:37,the best mobile banking app,da58ef58-30bf-41a7-b705-66e5ae261011,5.1.0,None,,0,https://play-lh.googleusercontent.com/a-/ALV-UjXvbg_BczjOMcTKUUC86RPpr1yS3ET_IrAfds79--6RTA_HWRE,CBE,Google Play
Belay Bezabih,4,2025-05-21 11:43:38,"this app is very useful app,it saves time,and it is secure",30cfce0b-7504-425f-89a9-8091ffa24920,5.1.0,None,,1,https://play-lh.googleusercontent.com/a-/ALV-UjWZOSjBCepnWZyRCN1Zl3wqrCLDUiYF3KTowa2KAXizfYaEGzXV,CBE,Google Play
baleh zebenay,2,2025-05-21 11:14:52,ok,040716c7-d5a4-40e4-8132-3e8b20574592,5.1.0,None,,0,https://play-lh.googleusercontent.com/a/ACg8ocIMMyhwHx1Pg6OhESozDI0fCTcXF_W02Oa_97wIp3TvE7nlMg=mo,CBE,Google Play
Hayat Ahmed,5,2025-05-21 10:58:52,it's a good application üëç,c0595f27-7901-4d8b-8363-ea3601854094,,None,,0,https://play-lh.googleusercontent.com/a/ACg8ocIcljHEdO7KmJKXrHPBUEcd4u-Q8_pmKH0oDJCmuYOh-G2nPA=mo,CBE,Google Play
Ephrem Berhanu,2,2025-05-21 07:02:44,the screenshot and the reffresh options are so annoying that makes transaction so delaying activity !,26fd7f14-c17f-4081-8910-45f2008ca145,,None,,0,https://play-lh.googleusercontent.com/a/ACg8ocLx6UEVSek7aUCcs-havf5AaUdtlJIIk21L3bbOT3QRkAhyfA=mo,CBE,Google Play
Samuel Solomon,1,2025-05-21 00:22:33,poor service,b22fe51f-e673-41ae-a625-2f8f1cce76ee,5.1.0,None,,0,https://play-lh.googleusercontent.com/a-/ALV-UjXw1k6OgMa02BAlTNJF75QF6CwxbgfZD1YnTNIcxaytJ4lD9H56,CBE,Google Play
Kal Eldu,5,2025-05-20 19:28:06,amazing,724eed5b-dd3a-47c2-865c-b6b63437c650,5.1.0,None,,0,https://play-lh.googleusercontent.com/a/ACg8ocLJ4oA-HDJZXNZhULdARO9gfo1Geb_02zLL6Yx62p2Vs8GDOw=mo,CBE,Google Play
Daniel Abera,5,2025-05-20 17:50:21,it is reliable and easy to use.,9eff9bee-1e05-4f68-ae9a-2de67b8564bc,5.1.0,None,,0,https://play-lh.googleusercontent.com/a/ACg8ocKtenmyddGp4nqzXb5s6OJS6ZmAh8wWG_rEcIbsalwSbE4HBg=mo,CBE,Google Play
Yeabfana Berhanu,1,2025-05-20 17:21:51,the most annoying mobile banking app I've ever seen,cdad77fa-fadb-494d-970c-d816e2f6a83d,5.1.0,None,,0,https://play-lh.googleusercontent.com/a/ACg8ocIu2JBlxUpWlfMyDaxAb0FrhLrxFz_SjYPhFV0qjVEQT81RPw=mo,CBE,Google Play
kahsay Gebreegzabiher,5,2025-05-20 14:12:05,Cbe mobile banking,0869bd94-48d8-4a25-8aa3-d2dd8522ac1d,5.1.0,None,,0,https://play-lh.googleusercontent.com/a-/ALV-UjXq6kznV_f--ioAuNJKlsNRJnwgPaRtJWCTKRA0wApfONpDF50,CBE,Google Play
Abdrezak Jilalu,5,2025-05-20 08:44:31,"i can't make Screenshout in this app, please made modification",5be1f935-aaad-4981-8f31-02d880bb987f,5.1.0,None,,0,https://play-lh.googleusercontent.com/a/ACg8ocIgiAAHs_pS1lKxm58lmw426_suG6C9Z4VGD_1VoHTRRXFnZw=mo,CBE,Google Play
Abdi Salih,5,2025-05-19 02:30:18,Best app I loved it,ba4b588c-3388-4ee1-8cca-4eae702a81e5,5.1.0,None,,0,https://play-lh.googleusercontent.com/a/ACg8ocIbFGEMlO7SorcOSy79a_5ot6CNymcieoJqmGVpurPS1vlazg=mo,CBE,Google Play
Esraafil Jemal,5,2025-05-19 02:11:17,nice app,c32663ff-736c-49fc-9f18-b413f4aa4826,5.1.0,None,,0,https://play-lh.googleusercontent.com/a-/ALV-UjVlnhiY9VCnWUDVSoFcj8KMFul8w_PFrfOS1FlwWRYIMYyYq6k,CBE,Google Play
Kedir Trading,5,2025-05-18 16:48:55,wow,4d714161-e4d6-4686-80ac-e71c6ffe4308,,None,,0,https://play-lh.googleusercontent.com/a-/ALV-UjUJX3LVPH3d4INOkQWDlijj7XaW0CXFeMYTGWHs2MOx44KnQO83,CBE,Google Play
Demeke Gebreyesus,5,2025-05-18 16:37:20,Amazing applicatiom sometimes doesnt work!,7b6c801d-4f97-44bd-b59f-252cde7c0515,5.1.0,None,,0,https://play-lh.googleusercontent.com/a-/ALV-UjXNoNg6_TyUznqW8vruTD_ZIwv1kJwfIyjh2ht3e84ZmzKrVhw,CBE,Google Play
Tsigereda Tadesse,5,2025-05-18 11:11:52,well satisfied with this beautiful app,2fe903d9-41fe-4ec3-9a2d-fd0acfe57725,5.1.0,None,,0,https://play-lh.googleusercontent.com/a/ACg8ocIebNLlFwqTTaqjUo3Y5XW6nqSsvjux39ftFPrXfR6cyS9xsJ0=mo,CBE,Google Play
Zi Gt,4,2025-05-17 21:10:29,very good,9639b30c-353a-4364-9dba-b3360f1734af,5.1.0,None,,0,https://play-lh.googleusercontent.com/a-/ALV-UjUIchgXFpmtll0_QpqUM53NoPGS5dS58caegOKgxEqlgGdPtS0,CBE,Google Play
temesgen areko,5,2025-05-17 16:46:51,best app.,e2fcbf5a-a6c3-4d48-9a81-cc2fb4c0eb0b,,None,,0,https://play-lh.googleusercontent.com/a/ACg8ocIpUetQMCu3Umnkncyzmsce1kOjviVXJ3MgW-0tp7jVtqzWGA=mo,CBE,Google Play
Adam Mohamed,5,2025-05-17 16:43:25,good,e57abb98-0508-4d0c-a321-e780b490a278,5.1.0,None,,0,https://play-lh.googleusercontent.com/a/ACg8ocI1zp-W1WnlYEU650Y-_t-iquIm4obDNGN5tf9s1N7NYdE7sQ=mo,CBE,Google Play
Malka Beksissa,5,2025-05-17 16:13:06,"not working,why???",7e493c4b-0d15-4444-9d9c-144b59c3fe49,5.1.0,None,,0,https://play-lh.googleusercontent.com/a-/ALV-UjVbf8w-IXuogYZrF_REzf-zFUgQNvxSb8_fAnV3_YusYru9UezB,CBE,Google Play
Abdulhadi Awol,5,2025-05-17 13:50:46,Great impact but why Developer option turnoff if you fix üôè üôè üôè,67398692-d12e-4229-9f88-67f25f1a7336,5.1.0,None,,0,https://play-lh.googleusercontent.com/a-/ALV-UjWCgi2yfHi8JN_nlGep678Ve4SypoC30RkZiZ2DydatbsQt4fT1,CBE,Google Play
Tade Meko,5,2025-05-17 07:56:52,excellent,d7dc9c26-6954-4247-b04e-d870e1df24e3,5.1.0,None,,0,https://play-lh.googleusercontent.com/a/ACg8ocJeR8iXm7ln-HfbIN5cSCAiBvVbvv1qBNFsc7aRX9pJHX_E2Q=mo,CBE,Google Play
Muhammed Sirage,1,2025-05-17 05:00:16,always disappointing ! especially the iOS one !! some similar local applications are extremely superior to this application!! Really disappointing!,539ea673-656c-44ce-b226-f61677fd6e31,5.1.0,None,,1,https://play-lh.googleusercontent.com/a/ACg8ocJ8d6r5e7k3kKNdWFwu-0kRN2_98WJc4NP91wOx9KGQTgXhuw=mo,CBE,Google Play
Woxe harimo Woxe man,5,2025-05-17 00:36:55,woxe harimo ribiso,23ffabb6-3005-403f-a16b-10e24aab5f7e,5.1.0,None,,0,https://play-lh.googleusercontent.com/a/ACg8ocIfXJmHZlveBScGYTn76-7otqQHq5LpiEv6wr1NQt9g3l91oA=mo,CBE,Google Play
Temesgen Geremew,5,2025-05-16 13:04:05,good,b736be05-f904-41bc-8fa2-af026795b650,,None,,0,https://play-lh.googleusercontent.com/a/ACg8ocLMVZOlTrvX229Qz0BAIJZKy-OAr_empR3y_8ebFjmMSka5=mo,CBE,Google Play
Heran gizaw,5,2025-05-16 11:18:43,"Good ,easy to use",d4b852bb-683b-41ea-85ba-6ed38bed539c,5.1.0,None,,0,https://play-lh.googleusercontent.com/a-/ALV-UjVGcRA0_ZH1BaWwVFmm1Rk9WtGtEoXSkNbepz1iFAhmAf2O6_bf,CBE,Google Play
Bisewer Yobisewer,5,2025-05-15 18:20:20,Good app,d5f1430c-e8ce-4786-8cc2-f3af6b4f9015,5.1.0,None,,0,https://play-lh.googleusercontent.com/a/ACg8ocJUK6U2APi8qq1PYRINjvecZrS4RXsZSOGvfN281bd7jt49rQ=mo,CBE,Google Play
Zelalem Tesfaye,5,2025-05-14 23:26:07,Good jobüëç,9954b052-2fbe-4d52-8a5e-7f92f70b3dd5,5.1.0,None,,0,https://play-lh.googleusercontent.com/a-/ALV-UjUIH2oqfknsBBEw9kJaEVVIcvmoWdplnaQHNsb2eM9Qvu90WfE_,CBE,Google Play
Marchu Zenebe,5,2025-05-14 16:45:59,good,7083e86f-0ee6-42c4-b177-c0b04bce1fa1,,None,,0,https://play-lh.googleusercontent.com/a-/ALV-UjVQkKLFZtCOPme6d60CmBqkSOXcQ8wEtuAtw5ZgAN917uAbe8N_,CBE,Google Play
Nguss Abadi,5,2025-05-14 16:20:48,nice,6f106ca0-c98c-4282-a880-eafdb3834cf6,5.1.0,None,,0,https://play-lh.googleusercontent.com/a/ACg8ocLmII6YPB7DmWR2lj5JJ61Yij5bcRM8cLMDwfiMXyU5QYYaQg=mo,CBE,Google Play
Reem Khalil,2,2025-05-14 15:14:19,"Please kindly ask to update the app and allow us to screenshot, it's convenient and efficient as long as you add security to the access there is no reason to block us from screenshooting our screen.",7fbce453-198b-401e-ab72-5f778309cd92,,None,,0,https://play-lh.googleusercontent.com/a-/ALV-UjXkRYlcVywzq-sLqLhXQ9g_57w_j4beglqcm1oiwipfu6bCwS0,CBE,Google Play
Moha Abdoo,4,2025-05-13 19:10:52,I have using the CBE mobile banking app. and overall i appreciate its Feuteres However i.ve Notticed that when i turn on the Developer options on my divice the App.Stop Functioning prorerly It.Would Be Great If You could look into This issue as l often need to access Developer setting for Otter Application ThankYou For Your attention to This Matter,336d7230-c7c0-4aa9-9d43-17ddfbffbca1,5.1.0,None,,3,https://play-lh.googleusercontent.com/a/ACg8ocLcd6XNXG8RMFWmDi9gt_vXsnpBAfst_urVGq7G5RiNtbffAQ=mo,CBE,Google Play
Yisak Abrham,1,2025-05-13 14:34:12,customer service is bad nothing is good about this bank,91f3ee87-fb66-4106-809a-fee5c30761cb,,None,,0,https://play-lh.googleusercontent.com/a-/ALV-UjUX8eetZRAjahcHBdFtMiQ1hWb3IZ2h4Zh-FaQO3-B2gWycbQ,CBE,Google Play
Ebisa Asirat,5,2025-05-13 11:43:53,It is Amazing Mobile Banking App....But why the screenshot of the receipt doesnt work,150068b3-36ed-489b-8ad7-b8121c0d8662,5.1.0,None,,1,https://play-lh.googleusercontent.com/a-/ALV-UjVuNstG1HHr4hcY7THjk87y5X6Mb55I6KodvRex2h-H6ftJNSN-,CBE,Google Play
Kedir Gashu,5,2025-05-12 15:39:56,fast and simple easy to use üëå,0ee61e87-0b46-405b-9ac6-219eea2399a0,5.1.0,None,,0,https://play-lh.googleusercontent.com/a/ACg8ocIT_-O0T272LBeW1tSGY3r8mxsndMDR7wqeb-SneT1xMbkESR4=mo,CBE,Google Play
Yoba Bayo,5,2025-05-11 14:03:25,The fastest transferring app I ever had its so reliable,a878dd26-bc46-4da6-8a6e-99794c921510,5.1.0,None,,0,https://play-lh.googleusercontent.com/a/ACg8ocIHUnt-IfPHGtDtuJDzjY8Jzm0kpfGcQ3tMGMUut_IdUMT4bQ=mo,CBE,Google Play
Michael M,3,2025-05-11 11:04:05,"Funds transferred from the same bank do not reflect in the account, even though a confirmation text message was received.",1c69ba75-de9a-4dd4-9e84-e19d985c0d4d,5.1.0,None,,1,https://play-lh.googleusercontent.com/a-/ALV-UjXd2lgf5ovk0NINi5x4pcb-5r87AKAGuc2xymX0jMq8IqcQqRkeXQ,CBE,Google Play
Robal Keyo,5,2025-05-10 13:39:25,it's easy and fast,955c6dc7-0841-4c20-8796-35504174788b,5.1.0,None,,0,https://play-lh.googleusercontent.com/a-/ALV-UjUCjinQlGRgYOrR1HUPP78JbVNFoa32GDsoaFo_0pNbKBR8s7MS,CBE,Google Play
Nuredin Muhammed,1,2025-05-10 07:15:08,This app don't have self activation only you have to look near cbe branch that's disgusting,552dc072-e6aa-4360-a85c-161ffa4d575e,5.1.0,None,,1,https://play-lh.googleusercontent.com/a-/ALV-UjUksTu3bOve8nd061TqagnzxQJoPjwQvpCcTx1yn-D5Ktd8RXE,CBE,Google Play
Yunus Nasir,5,2025-05-09 20:45:30,hello dearest CBE office personnel make some benefits for those using interest free accounts thanks for your help,719d06b2-b929-4dfa-98e8-8e24cff1bc13,5.1.0,None,,0,https://play-lh.googleusercontent.com/a/ACg8ocIluNS_hVpnX601jg2-yliGhKY2mOHpDBma1TsmLF1g3v9xkw=mo,CBE,Google Play
Deva Always,5,2025-05-09 13:22:12,wow best application ever,bd9d8254-264a-428c-8d48-2449e2260108,5.1.0,None,,0,https://play-lh.googleusercontent.com/a/ACg8ocL4XuHJcw7TJhNJfuBamlemcTri83BBRPzf7ttAlQQBMZRa=mo,CBE,Google Play
Ahmed Mohammed,5,2025-05-09 09:10:20,good,8506f1a9-94cd-4932-a493-89914ab1dbe5,,None,,0,https://play-lh.googleusercontent.com/a/ACg8ocLBN6V2USlx-3YtmH0ac3k3rPq89ahLvtV_hwZHYyqjngjR7g=mo,CBE,Google Play
Fraol0 (Main),1,2025-05-08 19:55:11,"Am sorry but what does developer mode do to the application ? hack it ? are you sure you are developer or are you stupid, doesnt makes sense,",f569e45d-b7d5-4c40-bc43-18ac0e13965a,,None,,0,https://play-lh.googleusercontent.com/a-/ALV-UjXuWyqAzNAVF78xTbp-f1_cvvQ2ezE-ELBDqinBTquH4l7A4Mtn,CBE,Google Play
DAWIT ESHETU,4,2025-05-08 19:35:35,Best,0330774f-f331-4b09-a8df-080e2970440d,,None,,0,https://play-lh.googleusercontent.com/a-/ALV-UjWphNngz6Sz12A897hNYrvx2jNTvZ-5qkRMWwQfElRg3I3cNF5s,CBE,Google Play
Teshale Legesse,5,2025-05-08 19:08:07,the pride of Ethiopian bank üè¶,7327f7dd-510f-4054-9541-8157e0ae9b18,5.1.0,None,,0,https://play-lh.googleusercontent.com/a/ACg8ocJFVFyUW2vnhuBqpxOIk2ufRjoNNDXBWQJa6vjpviD_yUslLQ=mo,CBE,Google Play
Michael Endashaw,1,2025-05-07 19:54:08,why the app telling me to turn of developer options please fix it.,a41ead51-812c-49bc-bd00-d7fc843231f5,5.1.0,None,,0,https://play-lh.googleusercontent.com/a-/ALV-UjVUysHZCCggUDHOCSzm21zOuNb9JUJ6TN4liYlxSVxhLisAOTMn,CBE,Google Play
Tadeos Mekonen,5,2025-05-07 17:11:00,good,0f07644d-eb30-428e-af2f-41aa984c6abd,5.1.0,None,,0,https://play-lh.googleusercontent.com/a-/ALV-UjV4dv0tc4Uyyl5sD9odu7uHSgbshMu8CRTpmiFrQujDrzEIQZHy,CBE,Google Play
Dejene Demisu,5,2025-05-07 14:45:15,ok,df28585f-becc-4398-8a86-6adcf887ea1d,,None,,0,https://play-lh.googleusercontent.com/a/ACg8ocJaVbUu5jBRPgb00I1uQksbRUBszHm7s-Q7lrMWs6VoXtm4Gio=mo,CBE,Google Play
Adil Men,5,2025-05-07 10:04:12,i am very happy . i have small prob. after i transfer i cant put the transfer cashe bil to my dic.,50a257eb-6cc7-4d7a-ae9b-be97bc94ff99,5.1.0,None,,0,https://play-lh.googleusercontent.com/a/ACg8ocK-XFyqCcpRfHUG7OQf04XKJRTQo_Rk8zSBLDClof9Cn_HNKA=mo,CBE,Google Play
Alkerim Moh,5,2025-05-07 09:38:53,ok,571e3f44-a2bb-42f2-854c-c2ae87427d28,5.1.0,None,,0,https://play-lh.googleusercontent.com/a/ACg8ocLPYfbxzKDRlbaZ6NXaf0w8MbVkt5eib02tkHEsUjXA4DtDWQ=mo,CBE,Google Play
Yordanos Abi,3,2025-05-06 17:38:42,good,847cdb9b-6873-4269-a45b-5ec548a715d2,5.1.0,None,,0,https://play-lh.googleusercontent.com/a/ACg8ocI3ktaIxXmz1Mqe1SVQAGwTdJ18kz8PVr4c2W5p0o355CRhsQ=mo,CBE,Google Play
Jemal Hassen,5,2025-05-06 16:33:35,amazing apps,799ae549-516c-4619-8781-dde22fd66e77,5.1.0,None,,0,https://play-lh.googleusercontent.com/a/ACg8ocJ2QCXClaV_PKM61MZa5UpXamimUSh_k5x9Ov81sNKPiA5hHpLE=mo,CBE,Google Play
Shafi Kedir,5,2025-05-06 15:35:31,All service of Mobile Banking,684fd27d-fb21-4f26-a3a2-2df5c05d35b8,,None,,0,https://play-lh.googleusercontent.com/a/ACg8ocJYADw00oSQOo-HB7nvtjOjQhkz2VX08qeq6VGNDxnbFAbs9w=mo,CBE,Google Play
GSam Geda,1,2025-05-06 13:59:52,needs improvement,5c9fa1c5-003b-4df4-b07e-80f0c26d73fd,5.1.0,None,,0,https://play-lh.googleusercontent.com/a-/ALV-UjUaxl9dy4Hj6Ov794-vUMI4qvGJP9-3Tw_FpPhLymxPw5lbVWI,CBE,Google Play
Abesalom Milion,1,2025-05-06 13:34:08,i miss the old one i couldn't send my mony to other bank..,6e27f7ac-d2f5-456f-b269-1082a276c3d7,5.1.0,None,,0,https://play-lh.googleusercontent.com/a/ACg8ocJIiPx950o4gnxAAgQeBOfEKllEdkLdWDI4WifZcapy3qQZFA=mo,CBE,Google Play
Suleyman Ali,2,2025-05-06 13:33:07,the app is recently crushing each time you open and try to make transfers...it used to be good. take lessons from the Dashen Super app or ethiotelecom. it is not befitting of your experience and glory. inv3st in making it more friendly and convenient. I am considering leaving CBE for good.,02a8488a-1993-4582-a072-3364f04647f6,,None,,1,https://play-lh.googleusercontent.com/a-/ALV-UjXIc4O4twFdSb-WegJZfYJf5BdyeWMi2y3QrTDYwnGXkFEo8Ieq,CBE,Google Play
·ã®·äõ ·â≤·ã©·â•,5,2025-05-06 13:28:47,good,2aac8e73-fe95-4be3-a195-bdaa3a856d23,,None,,0,https://play-lh.googleusercontent.com/a-/ALV-UjUCIQVKd_ZVjfPNBgJQkA6eFpRGYb6BqJqroW4rgNbOKqHd9wwCXA,CBE,Google Play
SEID Ahmed,4,2025-05-06 12:56:15,good but these week not oky,4bd0f0c6-843e-4e4c-ad02-d735c1578c9e,,None,,0,https://play-lh.googleusercontent.com/a/ACg8ocK-4pfieI-ZspDwCP13_pvWnMlqeTvrMnT47AlM7enMAvd5Lw=mo,CBE,Google Play
Eyerusalem zewdie,5,2025-05-06 11:34:36,well designed! Fixing bugs & two step verification with biometric... simply it's great!,c1bb53ca-ef9c-427f-a7a9-d4bb1ec232b9,5.1.0,None,,1,https://play-lh.googleusercontent.com/a-/ALV-UjWAxQalZ5S-38VN7HoorDzxYewp-ln4JRfWrYz5nF6-FGgLjwdZ,CBE,Google Play
Tolosa tefera,5,2025-05-06 11:11:13,Good app,f77f80b8-0e4c-44ab-a5fa-1ae6ec3898a6,5.1.0,None,,0,https://play-lh.googleusercontent.com/a/ACg8ocIT2stPI-w9MyG8DSLaSUzsBv9MYQ_VMfTfTr7eOfQh9Nia9g=mo,CBE,Google Play
Nahom M,1,2025-05-05 21:48:43,If any developer is reading this please fix the screenshot functionality or at least the download button should work flawlessly without me touching it twenty times.,bde45d03-32a2-40cd-aaf9-4b8e0df51a5e,5.1.0,None,,1,https://play-lh.googleusercontent.com/a/ACg8ocK3wA8wXMRF-14hvsy7NLQdS0uIdOkUZ962QR7kw8yAlYjeLw=mo,CBE,Google Play
Dine,5,2025-05-05 18:08:53,"it's a great job.but one more thing, it hasn't been placed for transfer to other banks on face like mobile charge card place",951e60b0-c44a-447f-ac25-7e2be26ff3de,,None,,0,https://play-lh.googleusercontent.com/a-/ALV-UjW60kBSyi2GYl4euZzV1PEuXNuGS0T5XucdNCqO_tRGMaHMGFs,CBE,Google Play
Zeynu Sherifa,5,2025-05-05 14:25:29,CBE mobilr bankg,e8c16e1b-4452-4b87-bc72-398427914c25,5.1.0,None,,0,https://play-lh.googleusercontent.com/a/ACg8ocLTi80BLjo2bXd4msDchtSwFcW9ENOMUNnBl8EvtWwHjSN9Wg=mo,CBE,Google Play
KINGO A,1,2025-05-05 12:25:17,wow,8d159742-a712-48a4-af05-6266475e9939,,None,,0,https://play-lh.googleusercontent.com/a-/ALV-UjU4WsItAr0BF2BLnUlMGEr2kH_3qxMr72NxcSsb802-b-gMR6_i,CBE,Google Play
je276,3,2025-05-05 03:06:27,verygood,a30e7cfb-5da8-4b13-a7bc-ee188af3b214,5.1.0,None,,0,https://play-lh.googleusercontent.com/a/ACg8ocJvdBx3xt6hjNEuiZx3MsYDSKsV1m35Q7WPuVlSv1DbyPrgPdA=mo,CBE,Google Play
Husen Hasen,5,2025-05-04 20:08:37,ŸÖŸÖÿ™ÿßÿ≤ ÿ¨ÿØÿß,7bb32387-a3f7-45a1-9238-646fa26fb4ce,5.1.0,None,,0,https://play-lh.googleusercontent.com/a-/ALV-UjXuFL-mFJ72A08nMYwHwCo_sKmybVh_-g7gtMTkwe-Pp-C6W3A,CBE,Google Play
Kamaal Yare,1,2025-05-04 19:23:40,it's very low quality application,a5013e04-9ee0-4cf7-8b1e-b357a0743a84,,None,,0,https://play-lh.googleusercontent.com/a/ACg8ocKJ5CExNv_tPIV7Efo0__JI0P8CraXMkYuOziaQC7d8NkW50A=mo,CBE,Google Play
Lina Lina love,5,2025-05-04 18:03:08,Very Amazing Apps,44df75ec-64ad-4129-a70f-3b5512f595a9,,None,,0,https://play-lh.googleusercontent.com/a/ACg8ocKuZiqjLZgehD39Iqx89oPBh0Q2g0EBKM17lxWfmoQsqW1aMg=mo,CBE,Google Play
Dereje Messelle,1,2025-05-04 17:41:19,·ä†·ãõ,fb3a4e37-bf12-44d3-842f-06994277596e,,None,,0,https://play-lh.googleusercontent.com/a-/ALV-UjWhlpySPwmzdogZ1po9BxBH70fsHNzEwS-cZbmdLtpjOc24pUM,CBE,Google Play
Tamrat Admasu,5,2025-05-04 06:07:03,wow simple life,ed713db5-3620-4a87-bb2e-f242e03a9336,,None,,0,https://play-lh.googleusercontent.com/a/ACg8ocLilAJWMA3Vz5cOZ4WYLJs6SMXfYS65ljJoyutwiTwqijdsGg=mo,CBE,Google Play
AWOL KEMAL,5,2025-05-03 20:32:24,it's nice,9014dd74-e587-47b5-80fe-48864bb8a8eb,5.1.0,None,,0,https://play-lh.googleusercontent.com/a-/ALV-UjWbNd6WNCzQ9NMyG-oaqTWRJDyDeKSohFuwEhnXZQ0riQZ2MxRZVg,CBE,Google Play
Alemayehu Asefa,5,2025-05-03 14:48:40,Why stacked sometimes,0c2ecaea-7fc2-461b-9dcb-5c2d938dab18,,None,,0,https://play-lh.googleusercontent.com/a/ACg8ocIZZufHyX-vWRhGU4zs2cVZCbcmRTZwzTMU9tX-86J7i3183w=mo,CBE,Google Play
Tariku Asrat,5,2025-05-03 14:18:05,good app,c6c0fcfc-7792-4045-9ed9-8d348ed26c27,5.1.0,None,,0,https://play-lh.googleusercontent.com/a-/ALV-UjUBzsdfDsbGyaX2PLy1Pjj9od6LuX61ypxnKHyCSFUD5Z9jCAcI,CBE,Google Play
FASIL KASSA MITIKU,5,2025-05-03 12:54:17,nice,f04f6bc3-a261-4104-a364-7a4da0be186e,5.1.0,None,,0,https://play-lh.googleusercontent.com/a/ACg8ocJtRvTKwPhskujP0Ifebnt_-bpyJ13e8SpiWl4pNtZpOREuSQ=mo,CBE,Google Play
Nimona Gebisa,1,2025-05-03 12:04:28,okay üëç but sometimes busy,783ea957-ec2a-4eaf-a1d8-398a95b1fb1d,5.0.9,None,,0,https://play-lh.googleusercontent.com/a-/ALV-UjUlKEn9nlARIBVpqDHMS0fpx2RegUjuCU0mIn4Bo8AAKorSJSi7,CBE,Google Play
Araya Abrham,1,2025-05-03 11:10:57,the worst commercial company that fails to do even the most normal things again and and again.,beae4fab-d673-4120-ba42-ea1bf94a737f,5.1.0,None,,1,https://play-lh.googleusercontent.com/a-/ALV-UjURZgWvQSNn8fWGtpeb3E2_GU5ynltuhYqSJj4ZCk6Yp5BQavp31Q,CBE,Google Play
Glory City,5,2025-05-03 10:38:48,nice,3bd19bd8-b148-4476-ab68-16eff8d9f543,,None,,0,https://play-lh.googleusercontent.com/a-/ALV-UjVioHOOc0HWz-mii8MLY6H7dq1tb2fwmZFttdsJVTznGNoB0erd,CBE,Google Play
Mebratu Mathewos,5,2025-05-02 21:48:08,Very good app. but disappointed by general cessation of system.,1559b547-36e5-4b58-8507-b44cc1801331,5.1.0,None,,1,https://play-lh.googleusercontent.com/a-/ALV-UjUCUQ5o_mdP11qAfCBa7RLfryQJLm0lREbKvR08ak1TUVIu7X_C,CBE,Google Play
Tibebu Terefe,5,2025-05-02 21:34:09,excellent,9d22588d-8c66-4000-a98d-882081df9acc,5.1.0,None,,0,https://play-lh.googleusercontent.com/a/ACg8ocJh1QEiXWNfL-E-1HtEuaHpgXWcTlA9IKiwSL7_fUqM60M4QA=mo,CBE,Google Play
Seydie Mebrie,5,2025-05-02 20:46:24,good,dec03b11-6fb0-4d3a-bb0e-83155b9a337c,5.1.0,None,,0,https://play-lh.googleusercontent.com/a-/ALV-UjWSMC0jex8Qgj-pJd1o3vZ35CEji3i2WbPpgb_ca36m_oMergA0,CBE,Google Play
Leta Getahun,5,2025-05-02 18:41:21,good,f2504faa-4847-4538-8228-8659242f7bb0,5.1.0,None,,0,https://play-lh.googleusercontent.com/a/ACg8ocLM6Vy2uQ2KlX0KEYj-E382A7RyFuiT0vhQfb3RngmZD5oR0w=mo,CBE,Google Play
Abenezer Kidane,5,2025-05-02 18:26:06,Good and fast,9a11d82f-54b8-43ea-856c-1283ccb62f20,5.1.0,None,,0,https://play-lh.googleusercontent.com/a-/ALV-UjWVxsrjNJdmXSlMFgO_pwQ4oY-MZy49m3jprVh-C8RpWSGEHiUA,CBE,Google Play
Robel Seifu,1,2025-05-02 18:00:51,Unreliable!,11839185-554f-4c79-bebf-f9a00082204f,5.1.0,None,,0,https://play-lh.googleusercontent.com/a/ACg8ocLPNqPyzwzUD-vAUpUrQYauDCJPgY39-QqGls7JLYzyjd6MfQ=mo,CBE,Google Play
Abdulkarim Abdala,5,2025-05-02 17:41:29,Best the best fast,77d6154d-7008-47ba-8d70-2493451352a3,5.1.0,None,,0,https://play-lh.googleusercontent.com/a-/ALV-UjUWOtH4vUGCd0AeD8F34CwKaZQ_1bBZwPNeN1Z3WE_Osn0kUKrR,CBE,Google Play
Miret Ketema,5,2025-05-02 17:38:21,good app,aff6c400-ba48-4ba3-b33e-65433f6d1e0d,5.1.0,None,,0,https://play-lh.googleusercontent.com/a/ACg8ocJYxXYEMi0h4aoyIuEgGK0HK30IeaZ9qjGIcd1xwi3Kr811vA=mo,CBE,Google Play
Samuel Mihiret,5,2025-05-02 17:21:51,happy,f2a27cd9-8e14-4e09-a43a-ed43f270714e,5.1.0,None,,0,https://play-lh.googleusercontent.com/a-/ALV-UjXGIKjVb-03JcQ5DAbZb209JBJzlEUSl0s_hoUbjHi9LBwunXU,CBE,Google Play
Zerihun Adugna,5,2025-05-02 17:09:37,fast and reliable,7dcbcd69-baa0-4c8c-a3a2-4a2cf0d959d1,,None,,0,https://play-lh.googleusercontent.com/a/ACg8ocJ0lVYXqlUyO-cZhrMyDvPjp5KyJhKRMsZzti3p4mue9rWYbw=mo,CBE,Google Play
Nahom Solomon,2,2025-05-02 16:52:00,network errorrrrrr,9c5c1349-ffad-4876-92ff-2b222e753eb5,5.1.0,None,,0,https://play-lh.googleusercontent.com/a/ACg8ocKpDGIglG1_XYwsGoysbKJ-YdGuljeYdy1Pq9Lp9AsT36mkkNo=mo,CBE,Google Play
Mntesnot,4,2025-05-02 16:42:07,Best app but there is some problem I can't send money to telebirr or mpesa so if you can add that it could be use full,7e817bb8-d23e-4f3f-a5fb-b7c76ddc2126,5.1.0,None,,1,https://play-lh.googleusercontent.com/a-/ALV-UjXOlWUgUgkHCIighMB2UyYp7yWap03ujVFYTXICCLu9AY41uzg,CBE,Google Play
Sami Mesho,5,2025-05-02 15:47:48,its good and simple to use,28e615dd-6a83-4cbe-b483-ad5aa59dffbc,5.1.0,None,,0,https://play-lh.googleusercontent.com/a-/ALV-UjVk0WTPmvBTwsFXThxyy7kKhqjgisqoHSMYtlqNZ3ui54Y6jFRq,CBE,Google Play
Friyat Mulaw,1,2025-05-02 15:44:39,worest app like that bank for security and network access,a038badc-107b-4d0d-9099-ae58366c24fa,5.1.0,None,,0,https://play-lh.googleusercontent.com/a-/ALV-UjVDwoUptYZDvDvecmv0XgCBMDq1JKrbCK5QpL1FbwSdryTjennR,CBE,Google Play
Beza Sibhatu,5,2025-05-02 15:03:06,it's the best app i,d2564215-9555-4556-8378-518439ca55a6,,None,,0,https://play-lh.googleusercontent.com/a-/ALV-UjXO7v5gua3rNhcLEzYLB_UHE8cTXkaZaEA78V7tfzuF7ADbHzs,CBE,Google Play
abu ismail,1,2025-05-02 14:57:44,not bad not good,8e47f061-c03d-477d-83d7-9e9ef8fbd85f,5.1.0,None,,0,https://play-lh.googleusercontent.com/a/ACg8ocKq1HXMpsmhgtz1QG-UH0K0mQOvCmpkHxxRnEY-KiLCNW5HTzg=mo,CBE,Google Play
Mohammed-anwar Mdanwar,5,2025-05-02 14:56:32,its very nice,6c7d83e4-3225-4811-8f2e-eb376a6188a9,5.1.0,None,,0,https://play-lh.googleusercontent.com/a/ACg8ocKVAHJOxGO2LzXjxl8ZKvzlJtfwaXxx7nGuqb26Jm4V5AuovA=mo,CBE,Google Play
Aliye Abdela,3,2025-04-30 10:24:09,do not work this week,926c79cf-a45f-452c-b00e-472621ded600,5.1.0,None,,0,https://play-lh.googleusercontent.com/a-/ALV-UjX90nM8r8SnEzEW9jBlo8LNde7DVzRRHqYMFx_BZdD6UE1WZq4k,CBE,Google Play
Tefera Tekle,4,2025-04-30 07:14:38,It crashes frequently,8096ea90-64d7-4416-9558-1f7b7ca73cde,5.1.0,None,,0,https://play-lh.googleusercontent.com/a-/ALV-UjWNE48Hj6z1GP6hG9uVtdr1_Vo6IdZPP3HNPaQFv7qk23u4h_E,CBE,Google Play
Harun Taha,5,2025-04-28 20:52:10,the best,8871dca7-6f8d-4ad8-a200-645d4673a631,5.1.0,None,,0,https://play-lh.googleusercontent.com/a-/ALV-UjX9GEfBGLDGWzoHx5WIwpg4_X_D7I-IbikuVn_DRo4LjJYpRGjT,CBE,Google Play
ABDUrRAHMAN Xolod (ABBUDY98),5,2025-04-28 20:03:30,"I can simply describe this app as ""Making all your work easier"".",ddcde4c3-479f-47e2-b8bd-3b5265ee7487,5.1.0,None,,1,https://play-lh.googleusercontent.com/a-/ALV-UjVMu4faIbEoQQTD1XG2i9sU0E6ZqjgCLvZviofhY2HI3_rTe1Wzsg,CBE,Google Play
ay Hg,5,2025-04-28 19:58:49,goid,26d3aafe-9e4d-42f8-8cd5-6fc138ef1495,5.1.0,None,,0,https://play-lh.googleusercontent.com/a/ACg8ocIwatVecNoJQw-ucc_dzeT0q3kY-pSK5fwVYfzbGJ4K4xhTOw=mo,CBE,Google Play
Dagim Andargie,5,2025-04-27 21:57:03,best appearance,f0a209cf-6ea7-43c1-a920-e7e1523d1366,,None,,0,https://play-lh.googleusercontent.com/a-/ALV-UjX_EaKCcmCR4Se5Y8VaQq9j27ppqTQkog_Ctn59cxsqHQE3pZY,CBE,Google Play
badhoo bekele,5,2025-04-27 16:40:09,it's very good üëç app,563d2717-eaf3-4fc6-9aa4-b75ab6324985,5.1.0,None,,0,https://play-lh.googleusercontent.com/a-/ALV-UjVMMMVlHjUgUABpE3tFXCKrHNPr0R9Z14_d1ujapsRQFMVCt4JA,CBE,Google Play
Zeeynii Ahmad,5,2025-04-27 00:36:30,I need support you,0725f956-965a-48c8-a159-baa447a8ae37,5.1.0,None,,0,https://play-lh.googleusercontent.com/a-/ALV-UjU16GhTEZZT5xlEbRwCVTpogV5Xb8_HB8ZqEhggP9oHlQm0Wxc,CBE,Google Play
Elias Yusuf,1,2025-04-26 23:06:19,the worst Mobile banking i have ever seen in my life,9948e178-3bb4-4237-8edd-14b17684304a,5.1.0,None,,0,https://play-lh.googleusercontent.com/a-/ALV-UjV6SLyClxlDjRsgEnHi3iI-ypiuus5NhYMDvqCBgvFvt_PwGOVk,CBE,Google Play
muktar mohamed,5,2025-04-26 16:12:32,super,b342c5a9-72f5-4399-8848-01973d4844fe,5.1.0,None,,0,https://play-lh.googleusercontent.com/a-/ALV-UjXEdjNN7YtVHVzgA0N30ClmRVN9Yu3bS6GVGyTyOUR-EkqC1BIT,CBE,Google Play
Adib Seid,5,2025-04-26 13:34:03,·å†·åÄ·å®·åà·åÄ·ç¢·åÄ·åà,08924791-2cd0-4c81-add2-4421ac0af885,5.1.0,None,,0,https://play-lh.googleusercontent.com/a-/ALV-UjVJ2XeKPKAGj_c_hCCMumGH6RmMAb_G9a1J9-KlpmtN3lmAegCX,CBE,Google Play
Dani Kura Heven,5,2025-04-26 12:43:28,i like the app,9476aec1-1fc5-4e8c-9d21-129ce40d64d7,5.1.0,None,,0,https://play-lh.googleusercontent.com/a/ACg8ocKLGjnb59vVEtkeSc6LcJr0NW2Uki7o8a6Cn1XlDxDI0Hqt5A=mo,CBE,Google Play
Gazany Hhh,1,2025-04-26 11:51:19,the Best,1d2e225e-3796-40f9-9280-97c79a33f7d5,5.1.0,None,,0,https://play-lh.googleusercontent.com/a/ACg8ocKNNJIrDzew6oeOPwbIMf30mH7no_23FgmRZiPtWDYN9D0vaA=mo,CBE,Google Play
belete teshome,5,2025-04-26 09:52:40,nice,617a9784-a401-49d1-9fc6-a05788283221,5.1.0,None,,0,https://play-lh.googleusercontent.com/a-/ALV-UjWB1FVdiJzISCczahTTcCoOQhkS64fSuxLsNfTzs-Qv8sa23hfr,CBE,Google Play
Wotete,5,2025-04-26 02:03:26,good,44107824-ccce-4e0a-8224-688eb043d44d,5.1.0,None,,0,https://play-lh.googleusercontent.com/a/ACg8ocJXwZJAFhRGmFyJ_II8yl5a09wz8J6kFh5lUwAX26HOELLIaw=mo,CBE,Google Play
Yohans kelali,5,2025-04-25 14:23:17,good,84f5a373-146c-4901-8759-e413d96ce9c5,5.1.0,None,,0,https://play-lh.googleusercontent.com/a/ACg8ocJNqUb9Nq2k5xLy75E5TDmEG3lJhrwH59TTDtoccdznrzterg=mo,CBE,Google Play
Abreham Negussie,1,2025-04-25 11:12:26,to other bank is bad,a9f52719-956c-4f13-8971-908587f75eec,5.1.0,None,,0,https://play-lh.googleusercontent.com/a/ACg8ocKeboGWVy05RHCx0qJwblS7N50XufLUOd6NbPhM5EvD53Y43Q=mo,CBE,Google Play
Abubekr Mohammed,5,2025-04-25 09:22:36,tank's,6506c522-7a11-45d5-b119-05d047f57064,5.1.0,None,,0,https://play-lh.googleusercontent.com/a/ACg8ocKprX0NazXQaVbCoXX041e91tqjYTw5ToiWVElOBM8htKrRukc=mo,CBE,Google Play
ŸÇŸÜÿßÿ™ ŸÉÿßÿ±ÿ™ŸàŸÜ R5,5,2025-04-24 16:34:59,its good but add more features such like. bank statement showing,9c95b8ea-a536-45fa-9795-53b69d7acd64,5.1.0,None,,2,https://play-lh.googleusercontent.com/a-/ALV-UjUS1A6sb6Mm1lthgKiK3F5hpvdGMIDCpswqQamjhR7AkfojHxoD,CBE,Google Play
kedir beshir,5,2025-04-24 15:18:02,it is so nice,ccbafb4f-13f1-4276-af0e-24faf4c27402,,None,,0,https://play-lh.googleusercontent.com/a/ACg8ocJFsCXTKRgpw65L7hmyLgPROv5E-g8SocgBu5DR9aVfkU-NcA=mo,CBE,Google Play
Obsa Warkesa,5,2025-04-21 18:27:21,good,1a6c85ff-2a21-4c30-ad42-5f946ba25afd,,None,,0,https://play-lh.googleusercontent.com/a-/ALV-UjV0P5EfyWGKlDJ5TduJvRbcrvfFR3IYt8IPc3eQXoqntG49hg72,CBE,Google Play
Felmata Tesfa,5,2025-04-21 18:13:05,Very Goodüëç,e4e2c9c8-67f7-4546-a00c-51b2d88cee3e,5.1.0,None,,0,https://play-lh.googleusercontent.com/a-/ALV-UjVINBQ-eRx_s9ZG0bKBcFKll1CsJSgWGhWpBWOc7xztQ2P7xPNQ,CBE,Google Play
EnergyHarmony,2,2025-04-21 14:44:01,"my first frequent experience of cbe app is critical-time failure such as suspending payment on air for 2-5 days with zero explanation, deducting from sender account without depositing to the receiver act. Another fatal error by the banking company as a whole (not the app itself though) is forced-banking with corporations without consent of employers-users of the corresponding corporations",51e311f1-6242-413f-91e1-5facc62e4b1f,5.1.0,None,,14,https://play-lh.googleusercontent.com/a-/ALV-UjUxI0y9o1uezRYk0-TrDC9Cms0JIOfg0zeex1n4wxxoI309YbGB,CBE,Google Play
kedir mohammed,5,2025-04-21 13:35:11,"wow, amazing app",24eba239-d651-4f46-807b-020d3ccb0701,5.1.0,None,,0,https://play-lh.googleusercontent.com/a-/ALV-UjUP9SF0FljoK7w6kaiu_IKlvUES1yQ4o3IJhvi0cgixWvVm_iAG,CBE,Google Play
Daniel Dani,5,2025-04-21 11:11:23,use ful,ba318aee-ed6d-4848-87ae-43060de68e19,5.1.0,None,,0,https://play-lh.googleusercontent.com/a-/ALV-UjWgK5pC8Qla-ZIPGgGYmPYKvEEbu83T87YqHly7U0VRavMWm8Zw,CBE,Google Play
Bahiru Berhanu Keno,5,2025-04-21 11:05:41,Great app,208c581d-6187-4f86-8e17-0c67005451c6,,None,,0,https://play-lh.googleusercontent.com/a/ACg8ocKNoG3pkdtqGG5hydFvaabtEezXM7Fc43N0Xnmr8xg2eLj8Mw=mo,CBE,Google Play
Danial Gidey,5,2025-04-20 16:14:07,well app,b5b3d491-3ea7-4631-8508-4bfc042e37a6,5.1.0,None,,0,https://play-lh.googleusercontent.com/a/ACg8ocIlpaJZxKOnBx-0y_eZMlGdBG69JJUDGE3KSJOG5bChtW2wLg=mo,CBE,Google Play
ayele Nimani,4,2025-04-19 22:01:42,Actually it is inactive,70095df2-033a-493a-bc9e-82ea1ebec8b7,5.1.0,None,,0,https://play-lh.googleusercontent.com/a/ACg8ocJTNuASfNm9EYJrDY8FUYBj9RTWR1hrBHmiQywK4C2Ab4wong8=mo,CBE,Google Play
kadire Abedu,4,2025-04-19 21:10:32,good,a2396484-1256-438d-875a-8ca553669495,5.1.0,None,,0,https://play-lh.googleusercontent.com/a/ACg8ocL1uXKupjv1rAdn9p2TIizl4F7XrtSIyfhw9d4Cl-Z6HzLdbw=mo,CBE,Google Play
Ibsa Ibro,2,2025-04-19 19:39:28,ok,55d13dbb-9813-4e25-bfa5-7531aa1e26b8,,None,,0,https://play-lh.googleusercontent.com/a-/ALV-UjVdtTQDnNt8jVoqAzKhVAhxfohmBMxGbGkXHOF6KcOaNWtqbhM,CBE,Google Play
Olbaanaa Asafaa,5,2025-04-19 17:51:50,best app,1025b0b9-a377-4c33-a136-0bc9d4fc7fc2,5.1.0,None,,0,https://play-lh.googleusercontent.com/a-/ALV-UjU4Q0rWYf85EllSiq2seDh77X1x-QENU7BVK2IVAQUzFle7w8s,CBE,Google Play
Nusba Sengero,1,2025-04-19 16:56:43,amazing,93e1954c-28bf-4c5f-b64d-06b3936c83b6,5.1.0,None,,0,https://play-lh.googleusercontent.com/a/ACg8ocKhioCcZnoqPdovN_zhMO20kuYISkVzYQfaSrR-EHmRuwow2g=mo,CBE,Google Play
Jema,5,2025-04-19 16:14:01,good,ce0ded2e-c8f1-4faf-a2d9-05ca3b064992,,None,,0,https://play-lh.googleusercontent.com/a/ACg8ocLdGMouq4LT9tBmU_AQ-19IoQVJ3QhXFbNiXFCBZZps9WQP9g=mo,CBE,Google Play
Beyene Kahsay,5,2025-04-19 15:52:13,I like,73e21ef4-ac50-4f38-9959-7406b2e6ed53,5.1.0,None,,0,https://play-lh.googleusercontent.com/a/ACg8ocLb_8iLLG-BU9MsGQKXgGllRp2yHzD6-OX_Ot9h0BTaRlrTsg=mo,CBE,Google Play
muna yusuf,2,2025-04-19 10:37:43,"slow, only one account is used",38887ac1-2782-426a-af99-23739cb6d450,5.1.0,None,,0,https://play-lh.googleusercontent.com/a-/ALV-UjXOYz3HGoGP2Rj8VgItmEjU2qHnL-L1qzBxJ78UjfGwaF0-OGPY,CBE,Google Play
Osamaa Oumer,5,2025-04-19 02:03:14,ok,d1b4e9dd-996d-4746-80d7-866ec2e76f10,5.0.9,None,,0,https://play-lh.googleusercontent.com/a-/ALV-UjW3ahyYHsp8WpX1_pZkZ3Y71u1u5tqkJYPBkzGCsoChwjyz8aw,CBE,Google Play
Abrsh Baba,5,2025-04-18 21:11:57,always CBE is the leading Commercial Banküí™üí™üí™,a13ac39b-03e1-4466-8838-479e91847813,5.1.0,None,,0,https://play-lh.googleusercontent.com/a-/ALV-UjWCak5Ihyk9P5yM8y08AIjD1jGWYV80A7pTn3iE7oFPpXYW59o,CBE,Google Play
hayder fentaw,5,2025-04-18 21:02:33,i like it,e923b362-5908-4d8b-abd6-8571f772aa49,5.0.2,None,,0,https://play-lh.googleusercontent.com/a-/ALV-UjW8uruh-rpw9kpUeZnUTY_itvpnq3254czdSjNzkk9rRqxQekc,CBE,Google Play
Jonathan Getachew,1,2025-04-18 18:47:21,why removing screenshot feature why?,ad5ea4f1-47f8-4ae1-928c-6fece7daaed1,5.1.0,None,,0,https://play-lh.googleusercontent.com/a-/ALV-UjUVtkiZTUiKIlQgjcpAIGV36l5Bfddtu2mhmPT8I5h4cw5HfW3r,CBE,Google Play
Ali Tadesse,5,2025-04-18 17:30:08,nice apps where network is good in connection,0d591a9b-0f94-4fbb-8e85-4aa0dfd5be4d,,None,,0,https://play-lh.googleusercontent.com/a-/ALV-UjVH9SaDBWU0WiejY-htLiQ0z2hSJoi58-L1VvwXiq1Fhuv7Ky0,CBE,Google Play
pawlos tadlo,5,2025-04-18 14:40:52,Thank you!!!,02ccc75a-f6f7-4f38-af6a-d562f8476623,5.1.0,None,,0,https://play-lh.googleusercontent.com/a-/ALV-UjWMpctdW9ICUp-QJgLuPNSm7fIB1bm49Ar27eC2JYWN8UQfIWE,CBE,Google Play
hailu ayalew,1,2025-04-18 11:59:02,i can't take screenshot,66b05081-b1eb-4744-90a9-33106e7017ec,,None,,0,https://play-lh.googleusercontent.com/a/ACg8ocKqT84MUGSSH1NFeIvHLLK4rlpsZdtNXVScvvMEloH8Kq_HmA=mo,CBE,Google Play
Saymen_beatz,3,2025-04-18 11:22:05,"every update was made the system better and better until the March 19th, 2025 update, not allowing us to screenshot. you guys didn't understand how much it's a really quick and significant thing. You add extra steps to us, which makes the process draw back",9028e8f6-0f93-4631-8540-a1d39ecb40ee,5.1.0,None,,4,https://play-lh.googleusercontent.com/a-/ALV-UjW8jhF8de7gNEDRpYf2YpJOrJS33kYPvruu8RH47pAN2CxVXA7uQw,CBE,Google Play
Abel Leul,5,2025-04-18 09:54:09,perfectly special,310967cd-3b65-4f6d-b15b-b644b9ddb861,5.1.0,None,,0,https://play-lh.googleusercontent.com/a-/ALV-UjV0NQFE1xmxPSJMgKN87JgrKI9pq1Z2n0eVMJUQ6MKFnMBKY5JI,CBE,Google Play
Tsegaye Tadesse,5,2025-04-18 08:32:31,Fast and Reliable,c0b3f973-9042-41c6-9528-ad3f6342976b,5.0.9,None,,0,https://play-lh.googleusercontent.com/a-/ALV-UjXs52Nr_rCGqmYg4w9zHSpPPjxx1WlyI1OFjL5NbEk_D39twisu,CBE,Google Play
Negede Moges,5,2025-04-17 21:23:35,good,37067156-6cec-4dc9-a101-f6be1b114371,,None,,0,https://play-lh.googleusercontent.com/a/ACg8ocLZYkCZkjIlMsyXXeNDMoJnnKiRH6T573T41BLW0GR8qeUSSQ=mo,CBE,Google Play
Dawit Aweke,5,2025-04-17 18:58:17,The best application I have ever seen in Ethiopia banking industry.,d8fbd17a-2089-4c37-9a97-de8c61f92160,5.1.0,None,,2,https://play-lh.googleusercontent.com/a-/ALV-UjWGPm-w1Qmh4LvHgS2hbSWM5Obl40aeb4TkJGL3TWLWgpFeZ0U,CBE,Google Play
Mikiyas Abay,5,2025-04-17 10:12:46,great app!!!,a6544fec-8879-4623-a77e-cb854d6afb47,5.1.0,None,,0,https://play-lh.googleusercontent.com/a-/ALV-UjU0ZLTn9xeDT1wefYvBwoCbH_QotsPgT4pnFeVlvap1joNFlPN-,CBE,Google Play
saba Saeed,3,2025-04-17 09:01:39,because sometimes it doesn't working it load too much,94976316-142f-4814-9ef5-5e37bb139daa,5.1.0,None,,0,https://play-lh.googleusercontent.com/a/ACg8ocKyp2l1VTnoF73AclGsgja8eEkLeSa_iUGWPzG9z_sqNUa6BA=mo,CBE,Google Play
tesfaye abera,5,2025-04-17 04:08:27,"Absolutely the best app! It works flawlessly, anytime and anywhere.",56b44694-2246-482a-be60-6e656324f3ed,5.1.0,None,,3,https://play-lh.googleusercontent.com/a-/ALV-UjVlZa6W-04j4j65CM5jwPGUIFXe-HM4bu0fxYXEaqzO4rKxvfM,CBE,Google Play
Shimeles Dejene,3,2025-04-16 19:36:58,ok,7f2dd530-e86e-4808-99a5-aa6bdecdbb91,5.1.0,None,,0,https://play-lh.googleusercontent.com/a/ACg8ocJD75QCRWYll3kAhCAPPtold7-QPos_q-D_R0anZxtCjNDhXA=mo,CBE,Google Play
Megabi Adane,5,2025-04-16 18:40:04,very nice app ever!!!,2a76a4cd-b2c9-4c07-b339-dd5422a6bf27,,None,,0,https://play-lh.googleusercontent.com/a/ACg8ocKxND3nZGczSpnoayrpGW0jMEOKJ-36zHGdCd6G4uc3lc2G3A=mo,CBE,Google Play
Kedir Mohammed,5,2025-04-16 18:25:00,the best app,2c1bcf08-e5fe-43b8-aabf-0a1afefeb5aa,5.1.0,None,,0,https://play-lh.googleusercontent.com/a-/ALV-UjXIld8xaSpX0zFH9I6-IJuVMpmnjdFAIyOOgEAzgd0gyFkgLNA,CBE,Google Play
·âÖ·äî ·â≤·ã©·â•,5,2025-04-16 08:57:55,Biometric security for mobile banking is not available,e5b9e2a5-2477-4f9c-bb71-2f2e0d6771f1,5.1.0,None,,0,https://play-lh.googleusercontent.com/a-/ALV-UjUs9jl7DZw-j57d0EGLpg4OhXwCyGWKR81M9Y1lTLT4TVW5GxQ,CBE,Google Play
Fikrte,5,2025-04-15 20:17:23,great,08e02828-17ce-46c4-a87f-6e08c6510241,5.1.0,None,,0,https://play-lh.googleusercontent.com/a/ACg8ocJzDwPpygtI0YdM1AsfTZkGpcRV_yQFLKkQvaLzKM8dxRHmCA=mo,CBE,Google Play
Masresha Agzie,5,2025-04-15 19:05:24,Nice service,844ecc7c-2f80-4c36-a2bc-e9fbc5405a4e,5.1.0,None,,0,https://play-lh.googleusercontent.com/a-/ALV-UjWyDa_WYc8V_GbsHDKUpjfngRXSvizMSs4Jaf4wubA5NFfwZfLu,CBE,Google Play
Nigus Teshome,5,2025-04-15 18:53:26,great app,acdc6eb8-a5ce-4991-8499-bf980a8f720a,5.1.0,None,,0,https://play-lh.googleusercontent.com/a/ACg8ocL04M6K4s7MnEcaITPttTqpmg9-yqYfarGiuWHDscKgpGyD8g=mo,CBE,Google Play
Dejish Tadiye,5,2025-04-15 11:31:03,it's special apps,fe37446d-b91c-40e6-b94e-ddc1f12b051e,,None,,0,https://play-lh.googleusercontent.com/a/ACg8ocJz6pPbeWrvTDPnTs2I8OJqfefgyhrlc9Hw9cw63CzfvPhIVw=mo,CBE,Google Play
Agumas Adugnaw,3,2025-04-15 08:09:02,"In the updated version of the app, it takes more time to download the receipt.",ab453d8e-ab8c-4e04-9391-617dda3e4074,5.1.0,None,,1,https://play-lh.googleusercontent.com/a-/ALV-UjXCj6zRYlQvLGxNhoS1uBL3L2zc-sw8wDQMBPMqmdWbSbqyyL18,CBE,Google Play
Awel Murid,3,2025-04-14 23:37:05,·àà·àù·äï·ãµ·äê·ãç ·âµ·à´·äï·ãõ·ä≠·àΩ·äï ·âµ·äï·àΩ ·â•·âª ·ã®·àö·ã´·à≥·ã®·ãç ?,901c9804-9dcb-44d0-a314-ee76f296bc94,5.1.0,None,,0,https://play-lh.googleusercontent.com/a/ACg8ocL0uR_Y4oym983QgiGrPyIbL-LcUHJO2gO1c3UZ_RvEQuj4FQ=mo,CBE,Google Play
Addisu Kassa,5,2025-04-14 18:29:53,Good üî•,9bedd800-95ba-44ad-911f-5b65ca41de00,5.1.0,None,,0,https://play-lh.googleusercontent.com/a-/ALV-UjWS7KFynIzZ-3Ts43_u-8lYPtDU717cqFjrrpuBvSY_vwY9UOLa,CBE,Google Play
fitsume tesfaye,5,2025-04-14 14:12:07,very interesting app i am using every day fantastic,ae57ff29-717d-4873-a3b5-6269e209751d,5.1.0,None,,1,https://play-lh.googleusercontent.com/a/ACg8ocK4GFkDnPZisKVBMwZJkvYhtUwnft2fT2Hlw9KmXYcKwrlUgw=mo,CBE,Google Play
Abdulaziiz Ibroosh,5,2025-04-14 13:48:30,lebaa bank,4fd60e34-10ec-4af8-95b4-c0dbb443b768,5.1.0,None,,0,https://play-lh.googleusercontent.com/a/ACg8ocLDivZwwh5chKMCCofcNWquQMCRDoAeueKcJcipxq9hpSqbeg=mo,CBE,Google Play
Addis Tadesse,1,2025-04-13 23:48:47,Can't scan/recognize other banks' Interoperable QR Codes,1d6fba2c-a4fc-4568-9883-b15faf80a6d3,5.1.0,None,,2,https://play-lh.googleusercontent.com/a-/ALV-UjXwkeGCmjLhu-LBUzh6rzANzbQwgRFxEdDUljik1ZR7eZMl-BcV,CBE,Google Play
Sudu Nademo,5,2025-04-13 19:28:45,OK,44491e04-c07c-4f5d-8365-97bf5e8f0a6f,,None,,0,https://play-lh.googleusercontent.com/a/ACg8ocLjziha4mvwbmS31ikE3-EdKPY8VVFId-cGIUeN7W6MqB5W-A=mo,CBE,Google Play
Kader British,5,2025-04-13 15:33:17,grateful app,50ec5140-ff83-473d-8b46-a8de1583caf4,5.1.0,None,,0,https://play-lh.googleusercontent.com/a/ACg8ocLzS4tfzAjboRP_YRLJDGyRbaLhEVtVSKq_vDxwV4FlPNRjKA=mo,CBE,Google Play
Diriba Dinkisa,5,2025-04-13 14:00:29,100% ‚ù§Ô∏è‚ù§Ô∏è‚ù§Ô∏èüôèüôèüôèüôèüôèüôèüôèüôèüôèüôèüôèüôèüôèüôèüôèüôè,f7d00c96-d491-4fe8-8378-28a5bd41e3b2,5.1.0,None,,0,https://play-lh.googleusercontent.com/a-/ALV-UjWqaq_m_1SgGfSnj8B4wFWLCcUBSw2rrIECmQp2MAbqXiJWs3A,CBE,Google Play
Metages,3,2025-04-13 10:20:40,everthing wellbeok,83b51bfb-f6d6-4132-89a1-9ab2180955bc,5.1.0,None,,1,https://play-lh.googleusercontent.com/a/ACg8ocJI_aDJLFRIR4R7p23nbACVPsz1fJDc15mog0jcukNejTBKpQ=mo,CBE,Google Play
Dawud Mohammed,4,2025-04-13 00:37:04,"""This mobile banking app is fast and user-friendly, but the only issue I encountered is that I can't access my bank statement within the app. I kindly request that this feature be added, similar to what is offered by other private bank mobile banking apps.",2127ac2c-ea02-41f4-82aa-c19dd51a87ee,,None,,1,https://play-lh.googleusercontent.com/a-/ALV-UjWErYCPsv3s1eobgZaTlH-nKY_iR8qgZkYK4hPyw9Gl65HBOuQ,CBE,Google Play
Nigisti Gkirstos,5,2025-04-12 22:44:46,nice app üëå,72a8ec73-9fe6-4ef8-8f4c-8f07987eb708,5.1.0,None,,0,https://play-lh.googleusercontent.com/a/ACg8ocJQFZQG4oi1QVuzeJXElReLbSt6IRt5KKXmEDg2dFafYhhA8w=mo,CBE,Google Play
K Sani,5,2025-04-12 21:57:56,why did this app is not screenshot,13fe10ac-c719-49da-a87a-e2b7dbb6bbed,5.1.0,None,,0,https://play-lh.googleusercontent.com/a-/ALV-UjWMtfbS_IJR_d1IwUoU2CyDC-JKEoxnzHJK4SNGq_c6ZgSxmKM,CBE,Google Play
·å•·àç·çç Design,5,2025-04-12 21:42:12,it so good app,e9bdadab-f8c4-4c3d-aa8c-e634155fb890,5.1.0,None,,0,https://play-lh.googleusercontent.com/a/ACg8ocKcwmQes_idQbCXwXdhFAdCVsU03QFe2TmvXxSEG_H2l8gu0A=mo,CBE,Google Play
gashaw asmamaw,3,2025-04-12 09:53:03,the best app,aef9a457-a8d2-4ec7-9157-163aba9347f4,5.1.0,None,,0,https://play-lh.googleusercontent.com/a-/ALV-UjWT2298rhknuNvKbBoAG7ormGauK7CW9Jvhkt69kL179zeAbIEa,CBE,Google Play
ŸÖÿ≠ŸÖÿØ ÿßÿ®ŸÜ ÿßŸÑÿ¥ŸäÿÆ ÿπÿ®ÿØÿßŸÑŸÑŸá,5,2025-04-11 17:47:43,ÿ¨ŸÖŸäŸÑ,507a11c1-1d09-480d-a308-da5cb35a6400,5.1.0,None,,0,https://play-lh.googleusercontent.com/a/ACg8ocISqyKyjy94ntw898OrueH2aXA3dZxAh2sD8vVsvf_b6u5new=mo,CBE,Google Play
Etete Abush,1,2025-04-11 15:04:22,"less network, specially to make fee for utility purpose",2cf0a2a1-a1bb-4356-ae1e-c874e69629be,,None,,0,https://play-lh.googleusercontent.com/a/ACg8ocJqlEb0hwwr9oWGz-2eH4sWymzEWrrhPDSO1RxrUDkR8MKZrw=mo,CBE,Google Play
Lemi Duguma Fufa,5,2025-04-11 13:53:40,nice,47cda079-4e58-48bd-be1c-83aaa60260c2,5.1.0,None,,0,https://play-lh.googleusercontent.com/a-/ALV-UjUMmqvEkg-S-HF6tddly3p2mvCRjksZLo_Rt5qD8wrqpjcLTNG6,CBE,Google Play
Mesebo Press,4,2025-04-11 01:44:02,simply for used,84e606a3-9b0d-40b9-a29d-fd18bc563992,,None,,0,https://play-lh.googleusercontent.com/a/ACg8ocKS9a0IMk8Vomw8T0amCHl6UKCTEyIFWoc_PGrtdzBq-tu68w=mo,CBE,Google Play
Yahyaa Husein,5,2025-04-10 19:52:15,wow keep up,45da0198-d068-4670-9878-d18380ac1722,5.1.0,None,,0,https://play-lh.googleusercontent.com/a-/ALV-UjVN9JEFeHHs8UP5CPH6V1dTw1XlI43rER6SlwCtnt6jGwPHtgod,CBE,Google Play
ahmed omer,3,2025-04-10 19:18:15,its great app but when updating we can't take screen shot please try to fix it,b3117b0e-bdc6-40f4-874e-f61fc5dd50f5,5.1.0,None,,1,https://play-lh.googleusercontent.com/a/ACg8ocLcJzhNt1DdIDEePnpZGy0ADPs6dJI-eFxGcNsAW44asQ3IQA=mo,CBE,Google Play
Jules Nzayisenga,5,2025-04-10 17:48:30,good one,a41e8895-834e-439f-a175-8536697bcc81,5.1.0,None,,0,https://play-lh.googleusercontent.com/a/ACg8ocIZ0Xq6jCq_wyV07DD25BG-VFzXPQHCdtuglwQxnMJnqIz2ZQ=mo,CBE,Google Play
Fittu Welu,5,2025-04-10 17:25:11,best app.,dc8c63b2-bebc-44f1-b96a-6737ea35a5bf,5.1.0,None,,0,https://play-lh.googleusercontent.com/a/ACg8ocICH8TULPxhxaXIz5aAFoksWJ5tIOaF4sfstpIyKFGWFGZ-wQ=mo,CBE,Google Play
Binyam Mulgeta,5,2025-04-10 14:03:46,everything is easy thank you cebe,a5c338ae-275b-44ab-ba2b-e1e556878e0b,,None,,0,https://play-lh.googleusercontent.com/a/ACg8ocJi2pYhxwZrPFN5rl9s-p68Mgpm-3FKw6Pg0RmdXDil4kH0mQ=mo,CBE,Google Play
Esubalew Girma Moges,5,2025-04-10 10:23:27,·çà·å£·äï ·âÄ·àç·å£·çã,15049550-e5ec-4302-9aea-8b69b38e5cb3,5.1.0,None,,0,https://play-lh.googleusercontent.com/a-/ALV-UjU7FKEVLaEGNNJzpW2HYHIHnAH7CXa19egkwatPsmAtTA1LNpIY,CBE,Google Play
Eja Leta,5,2025-04-10 08:35:36,good,581c0fca-02f6-40f3-9aee-837bac813ca0,,None,,0,https://play-lh.googleusercontent.com/a/ACg8ocIIcxQxEB1ooIn0f3rUJl9L1653797579Gpzacgx-DfU_MoWQ=mo,CBE,Google Play
ABDULHAKIM ABRAHIM,5,2025-04-10 00:09:52,ok,51233875-d49d-4197-862b-43839eeb317c,5.1.0,None,,0,https://play-lh.googleusercontent.com/a/ACg8ocJPVgDiHZb6bnr--JLWKCLFqdbbMX4xrbnFU0-w-jb5zhiHMQ=mo,CBE,Google Play
misganaw tesfaye,5,2025-04-09 22:39:46,·åé·â†·ãù,a62438c8-88f5-453f-ba85-993ebb1bbe2f,5.0.9,None,,0,https://play-lh.googleusercontent.com/a-/ALV-UjWB0fPn0Gf7-cV8_1wuLrDcBwEO1Du3Neck5cJccIqUBroR6hqZ,CBE,Google Play
Hirbo Hiddo,5,2025-04-09 17:44:25,good app,12704cf8-f7f1-44d6-98b6-1d044d7b74f8,5.1.0,None,,0,https://play-lh.googleusercontent.com/a/ACg8ocIMq1d7S92v0A_Isff2nfQOl7KjUEDdTcD9o4WTjniAFNpHbAw=mo,CBE,Google Play
Murad Mohammed,5,2025-04-09 17:09:47,but this app says can't sync,e6a4541d-d9d5-464f-9f46-127ea2284787,5.1.0,None,,0,https://play-lh.googleusercontent.com/a/ACg8ocLNz6qmPUkocsphxhYt0ToZ-0-iLEvurGAhfJvkn4KJ-9e6tQ=mo,CBE,Google Play
Yenus Adem,5,2025-04-09 15:59:48,waw,93bee917-cb26-45a9-a892-18b063e5cd24,,None,,0,https://play-lh.googleusercontent.com/a-/ALV-UjWnJcjXMAZJK72TAGMJBLZCyD736iL2UNUfa0HOui-ysZ8Fp_It,CBE,Google Play
Biruktawity yitayew,3,2025-04-09 14:32:30,to slow,c8d7a16f-4374-4281-976d-91fc5c7799cb,5.1.0,None,,0,https://play-lh.googleusercontent.com/a/ACg8ocKHF3EMJujS7t4EIDlM0hfI2TO7aWzXTORWkpM7AKnQmmY93w=mo,CBE,Google Play
Johny Gech,4,2025-04-08 20:15:30,work on screen shot system,ceae0bd1-8990-45f6-82ef-c0833ca786d7,5.1.0,None,,0,https://play-lh.googleusercontent.com/a-/ALV-UjVfnmX30-7Ix_lyC-ugsSJWvsaXiHkZ0lNI9edKknwXGPnQGrgk,CBE,Google Play
Bedru Kemal,1,2025-04-08 18:14:50,very very nice aplication,39ddf219-7297-4858-8b7a-4016e3bde7f0,5.1.0,None,,0,https://play-lh.googleusercontent.com/a/ACg8ocJqK4rU5Kj8Xig1f1uOVm9G3EQgkK6ennVidRxROZD33Co8Qko=mo,CBE,Google Play
Binyam Yohannes,5,2025-04-08 17:28:38,Good,a4986d04-5bdf-4e9e-acb3-3840df044625,5.1.0,None,,0,https://play-lh.googleusercontent.com/a/ACg8ocIR6ChPRmxtA_aliStqROyFtSeyeol049LaykGjOk0JTFGYGA=mo,CBE,Google Play
abdulmejid akmel,5,2025-04-08 15:41:25,wonder full and it is easy to use,d5af7182-07fc-4a84-b818-c7aecf287b92,5.1.0,None,,1,https://play-lh.googleusercontent.com/a/ACg8ocIR5JYMhLpfqdti5viK777gZSvgebYl0Pbagv601BXK5vxomg=mo,CBE,Google Play
abebaw alamirew,2,2025-04-08 13:16:22,easy and reliable,325bdd8a-e83c-4522-986c-c30c73e3d90a,5.1.0,None,,1,https://play-lh.googleusercontent.com/a/ACg8ocIs8Vi8CRfI48PoSirqCVkv4-0a-M7acIzIutDIephneG8cpyU=mo,CBE,Google Play
Adisu Debebe,5,2025-04-08 08:59:33,good,9307f199-befd-4b48-99f4-47168dca46af,5.1.0,None,,0,https://play-lh.googleusercontent.com/a/ACg8ocLE-cfl3EUE1uD_m6aghL1PwEpxgobT7rjAawGXGdbOco1QBw=mo,CBE,Google Play
Shoisa Tadele,5,2025-04-07 21:32:32,it is Very Useful app üëç,7a1963a3-f0e5-4a5d-adae-cd179627881e,5.1.0,None,,0,https://play-lh.googleusercontent.com/a-/ALV-UjXotO2pwvQftv5fNf45iYhl2UCeu1IgCq9LFI7ckqPfETRuqRj8,CBE,Google Play
Bereket Gebrekidan,5,2025-04-07 18:44:24,very good,06c17946-95a9-40a3-ad65-df11fa632409,5.1.0,None,,0,https://play-lh.googleusercontent.com/a/ACg8ocL3ihYuqK1gUaJi7YbuMTV_66O9Whea_BKaLyENsvGCt1Xp7A=mo,CBE,Google Play
Amdihun Adem,5,2025-04-07 17:43:42,perfect app,18ef249b-6401-4c60-ab85-fb1a1030b742,5.1.0,None,,0,https://play-lh.googleusercontent.com/a/ACg8ocLasEe67PswN5vmwCMR0zqywGaT2Bu74Ng9B--979G1NHK4zQ=mo,CBE,Google Play
Wubie Demessie,5,2025-04-07 15:58:32,I like it.,cd39c8c2-5c5c-4cae-871a-e75ef2dea336,5.1.0,None,,0,https://play-lh.googleusercontent.com/a-/ALV-UjWwkLxUzwE6SReVl6C_tkuaPS0Dx0kGZk8ZYrvUJFAYEaajJuTN,CBE,Google Play
Junedi Jo,3,2025-04-07 08:41:28,bugs,a0144c94-8e15-4410-aa63-2dc9c9ab7022,5.1.0,None,,0,https://play-lh.googleusercontent.com/a/ACg8ocKFBX6mq8wEj02UJYbcREVQrOePIl9C5gPYdSsScUKvPGhw=mo,CBE,Google Play
murad shumbasha,5,2025-04-06 23:24:32,commerial Bank,8d4eb395-51a3-41a1-bc4a-6d6e00f1b265,5.1.0,None,,0,https://play-lh.googleusercontent.com/a/ACg8ocJgPOdjakHFFwpOYL6ZtzWP5X8poFXA_dSsZ0GjUshHbA-VQkc=mo,CBE,Google Play
Ganii Ek,2,2025-04-06 22:00:01,Genat biru,e4b23441-67a3-4bad-a9ed-57fe8e7a6f24,5.1.0,None,,0,https://play-lh.googleusercontent.com/a-/ALV-UjXvDu46FqECaFdK3Qbit3GHQQLlLC7_Bd01ucDhLZgvWHX4MQl8,CBE,Google Play
Yadeta Emiru,5,2025-04-06 21:36:20,üôè,5565a7bc-4ddf-4e48-a7cc-1bb52dca93ad,,None,,0,https://play-lh.googleusercontent.com/a/ACg8ocLTzRZx9IsaoGwTTp4xRFj9LfHzmIZVPcZFju6-OxCZMpmZ7g=mo,CBE,Google Play
azeb berhe,4,2025-04-06 20:41:11,it is good but it doesn't allow screen shot,9ddd6d35-e396-47c6-865a-461a18e52230,5.1.0,None,,0,https://play-lh.googleusercontent.com/a/ACg8ocJn9PtyDTHyyMfSsXPyHEaSv9QzVrnxhsdiSiNf88w0QiOcGg=mo,CBE,Google Play
Gesese Geze,5,2025-04-06 18:47:53,the best one,64ca201d-446a-478e-8fd8-5edb48d7df99,,None,,0,https://play-lh.googleusercontent.com/a-/ALV-UjU3UKE9js6-5Z_0LurrTJ8VWvgV71UYqumPfmJOMz_-wtD8fZ0,CBE,Google Play
Aynet Mail,2,2025-04-06 10:41:10,You need to copy many things from other bank apps like Amole(Dashen),46fc17b3-ab19-461c-8636-ad995b4485bf,5.1.0,None,,4,https://play-lh.googleusercontent.com/a/ACg8ocJ598_GaKXX48jujSVIpmCRIJS8ADlZTC71mEQkEREJmrwtpg=mo,CBE,Google Play
Euyel Tola,1,2025-04-05 20:17:01,bring back the screenshot feature.,65a31e10-ca83-46cb-a3de-7b8884218999,5.1.0,None,,1,https://play-lh.googleusercontent.com/a/ACg8ocK15c-99ZrHlzbHojpebWrG_ERufxGKeJpTm3bZwnvHXw2kBw=mo,CBE,Google Play
Ethio youtube,3,2025-04-05 16:51:40,Good!üëç,28655633-990c-4332-945f-c684464573db,5.1.0,None,,0,https://play-lh.googleusercontent.com/a-/ALV-UjUUMAHYVZBPqG8Bs3INi31h1A33bciNLjCvXqkeLGbTSwQR_Q,CBE,Google Play
meharu Petros,1,2025-04-05 14:33:24,best app to experience him that to smooth transaction among the customers,229077d8-3e5b-478f-9980-0c17db814741,,None,,0,https://play-lh.googleusercontent.com/a-/ALV-UjW8si04T0X6EfMjwr1cq3OMrMpUtfjYCxHDgXpJJw_LHa0bs-s,CBE,Google Play
Tsion Pdn,5,2025-04-05 09:34:22,good,fbcab012-e223-4ac1-99cf-b4ef680cd058,,None,,0,https://play-lh.googleusercontent.com/a/ACg8ocIcH09gv5YzmTEul8OAf36FYjdKttxoHNiV5qWbbY7frQGcsQ=mo,CBE,Google Play
·ã≥·àé·âª ·â≤·ã©·â• Daloch tube,4,2025-04-05 05:18:52,nice app suitable to use it. the only weak side is it need data connections and hoping will be fixed to offline i gave 4 rate,fff7e46e-23f5-4824-ad13-75ce3242da2a,5.1.0,None,,3,https://play-lh.googleusercontent.com/a-/ALV-UjXlI8BlU5gQxWUYrE--aSEhaXKVG8AwlMCJeiQVy_tyjJ3AMiJk,CBE,Google Play
Melisew Alemnew,5,2025-04-05 04:27:33,easy to use,f7ad3437-2b37-4c45-a9c6-191b08271d2e,,None,,0,https://play-lh.googleusercontent.com/a-/ALV-UjV7OQ-BucMLNuYNUUvHJ96ZFc8C9Tnn2M6O7qC1aEWOhFm8k_FK,CBE,Google Play
Ameha Admasu,5,2025-04-04 22:18:47,"Good job to the CBE team on this mobile app! It's designed in a way that's simple and intuitive to navigate, which is great for everyone. It effectively handles the essential banking tasks I need to perform regularly. It's a practical and reliable tool that makes everyday banking much more convenient. Thank you for this useful application.",c0caedf3-4a0b-4c32-94f8-d6a3bb6d3f17,5.1.0,None,,568,https://play-lh.googleusercontent.com/a-/ALV-UjVGIQ_eoF0heiw0CpSFYIBLl8Zv_E0oApXxkuU9LLsz0W5A4qh9,CBE,Google Play
Simon Minda,5,2025-04-04 17:18:55,·àà·äî ·â†·å£·àù ·àù·à≠·å• ·äê·ãç ·åç·äï screenshot ·àõ·à®·åç ·â¢·âª·àç ·àù·à≠·å• ·äê·â†·à≠,7bc85bf3-f4c1-416c-95bb-cf88068a6b72,5.1.0,None,,1,https://play-lh.googleusercontent.com/a/ACg8ocK0cpX6BviJkh16JhZwvPUYPkcnQtF-MRNmHkDI_hf3OrqMRg=mo,CBE,Google Play
Brooh,3,2025-04-04 13:50:52,before it was smooth and good. this time after the new update in 2025 i can not make screenshot of my recite. even the downlod button is very delayed in putting my recite in my gallery for simple proof. please fix this i am unable to show proof of payment to my clients. thankyou.,06e420aa-153d-45ed-b2e5-d779c12141aa,5.1.0,None,,8,https://play-lh.googleusercontent.com/a-/ALV-UjWW_NU7kptslzoyb99N0L6O-T-8q4X1GjPX14wr1IEFKuyk7dXo,CBE,Google Play
Feben Zewdu,4,2025-04-04 13:32:01,cool ‚ù§,680a2685-d5f5-464b-b7c4-17113c59a24a,5.1.0,None,,0,https://play-lh.googleusercontent.com/a-/ALV-UjVrlOndbPnw76o3XtA1Cxy8FgKV9xjJh19dzlbxY069HMvTkBm3,CBE,Google Play
Kadiir Alamuu,5,2025-04-04 05:31:48,Best app,a25928af-597f-4962-98d3-a9bbff522dcb,,None,,1,https://play-lh.googleusercontent.com/a-/ALV-UjVUlJ2NY7Wvo0V1UqcOA8meDhw2dAETQzSe04WYm6WXl6is1v8,CBE,Google Play
HOPE JHON,5,2025-04-03 20:30:39,great app,80230035-49aa-4bd9-803b-873b3c17c8ae,5.1.0,None,,0,https://play-lh.googleusercontent.com/a/ACg8ocIDpQOcgYKeVcTSl-akF7zy9atmutq0KVa1uTudCSSY_B6mfTk=mo,CBE,Google Play
Am Ar,4,2025-04-03 20:27:17,best banking App,76e52fea-7473-4299-b016-2b4a1aa05906,5.1.0,None,,0,https://play-lh.googleusercontent.com/a/ACg8ocI8szVdifdF0EJxxi4TK7gu_zpb8-dsao-0qo4yzyu17z1VTw=mo,CBE,Google Play
Nathan Getachew,5,2025-04-03 18:09:34,satisfied,38794c0f-f2ca-4bcb-8456-39a4e27d3249,,None,,0,https://play-lh.googleusercontent.com/a/ACg8ocL_mtXJzNI5K0-sQV6lyrxMnTyiCbM5hbtoVx0H0Q6cu3lq_g=mo,CBE,Google Play
Telila Dadi,5,2025-04-03 17:03:33,this app is very necessary app many people found it,d5748aa6-7b8c-4a9e-8806-ecfe363c217b,5.1.0,None,,0,https://play-lh.googleusercontent.com/a/ACg8ocKi9ucPagzKVS1Pjga_rgo2BY9UJkrZ08M4Qc65kYf3FoAhkw=mo,CBE,Google Play
Muhammed Adem,5,2025-04-03 16:04:21,cbe very active Bank I'm using CBE app very very satisfaction,6bb2ee24-e0a9-4f85-ae15-e32fad756186,5.1.0,None,,1,https://play-lh.googleusercontent.com/a/ACg8ocKn9BfrChBxbWomft2EhsXNFNoxu5AteKMh4OdsgBoalpbo7A=mo,CBE,Google Play
Soc B,5,2025-04-03 12:42:41,It made life alot easier. I cant even imagine having to make all those transactions in person. So this app was crucial for me. Very good app. well done.,5ea1fad2-c7cd-43c7-b325-1c3f62032fcd,5.1.0,None,,61,https://play-lh.googleusercontent.com/a/ACg8ocJha4hR9gHdOFkOm4EFVvFfcKQtfeG-2bGYX6GRqogGyg1nbg=mo,CBE,Google Play
John,5,2025-04-03 08:53:46,excellent,8b783bea-df08-43e8-915f-c459fb841a11,5.1.0,None,,0,https://play-lh.googleusercontent.com/a/ACg8ocKvB1iRR0QRd9LhyVCDVDq4-7E3yipvhqvpSIoPsF0ZtIAQ6A=mo,CBE,Google Play
MOHAMMED KUBI ZINABU,5,2025-04-03 02:17:01,perfect,85eaac01-219f-4962-a937-0ab0d13681e6,5.1.0,None,,0,https://play-lh.googleusercontent.com/a-/ALV-UjW_btcXc2Kxm7yE2GdRA6K1KPeiOIkrPwjvd-PXBJgFRua-dqLq,CBE,Google Play
Bizuayehu Tadesse,5,2025-04-02 21:36:00,thankyou,2bbda16d-b380-403f-8a86-689eb2a23f06,5.1.0,None,,0,https://play-lh.googleusercontent.com/a/ACg8ocLkSrajobaVURG8aVs3kSd33vr9y3EXqHTRbYE4ofeKdD357w=mo,CBE,Google Play
Ethiopia Love,5,2025-04-02 21:09:13,I Like it,4b5e7079-1248-49e2-a4f2-bbe0a403bba8,5.1.0,None,,0,https://play-lh.googleusercontent.com/a-/ALV-UjWbyj_m4bnXo7ppl93e-Busp7MD_Db4MrZJVEzcmDMb0NMtq0g,CBE,Google Play
Abdurehman Ali,5,2025-04-02 20:08:03,ok,33c13577-cfd0-4576-894e-f5007b81a0d9,,None,,0,https://play-lh.googleusercontent.com/a/ACg8ocLXDwbR3z-EY2S8nv4Xop0rpSQduWyLA9ipZKO7n9mHTtiOUQ=mo,CBE,Google Play
Josiah,1,2025-04-02 16:13:34,"I don't understand the reason, why I need to disable developer options to access the app, it has no security risks nor does it hinder the app's functionalities. This goes out to the dev, I hope your life is filled with inconveniences.",e1026d09-65d7-41c7-97e7-3a072beee79f,5.1.0,None,,32,https://play-lh.googleusercontent.com/a-/ALV-UjU6UAUwX8MT7D_prncFwvpu0ncqeqtPRpuF6N9YRyQ8bZTK494,CBE,Google Play
Jibrel Adem Usman,5,2025-04-02 14:29:55,smart app,5b32746c-2ea1-4da9-b7a0-df031ac5ae82,,None,,0,https://play-lh.googleusercontent.com/a-/ALV-UjValtM3oi05IanvueBnilBgBIAPC28pD2PE0bCdsTq5rU-agGY,CBE,Google Play
Abdul hamiid,2,2025-04-02 12:00:12,isin ga'a,7c273b0e-f036-4c15-8a40-e1405a554142,,None,,0,https://play-lh.googleusercontent.com/a/ACg8ocI1JWmMvZifJBvcKFewhMXaaREAT7Q3ngqHf_eoFQ4sTa561g=mo,CBE,Google Play
Teddin Teddy,5,2025-04-02 07:37:27,easy to use,e58659bb-7908-4aa3-bdc5-be9357d9b50e,,None,,0,https://play-lh.googleusercontent.com/a-/ALV-UjV58ZYkpgX8LjWzWXGK8mLgbiltKvsMlGvohkiIwEvlnrD_c3Q,CBE,Google Play
Huzeyif Hussen,5,2025-04-02 04:19:30,it's great,97df8f7e-aa5d-4be7-b0ac-475d1b7e6357,,None,,0,https://play-lh.googleusercontent.com/a/ACg8ocItnNxQoOh-3LYJBRopHidWHXkrDHBXQxywOA1uHHOeh8M16g=mo,CBE,Google Play
aman kore,5,2025-04-02 01:37:43,very good app and stars faction with work,5fd9c2e9-96d9-4fa0-b70b-d1a3de41bafa,5.1.0,None,,3,https://play-lh.googleusercontent.com/a-/ALV-UjVSmrURj4hY9lD8KE7wXui618e2UeCnK8xwPNNIZpn5lq95I0zO,CBE,Google Play
Desalegn Yemer,5,2025-04-01 23:45:32,It is excelent,293b031b-1863-4523-bc4a-cdc68ba44a3f,5.1.0,None,,0,https://play-lh.googleusercontent.com/a/ACg8ocJQYv2dgOucyQaUNBS1ixvv0Q9VxoCF7SMdnCrp76HP1cJ1Gg=mo,CBE,Google Play
Derejaw M,5,2025-04-01 23:41:16,Smart,907ce324-d9f4-4874-84b9-13051647ddf5,5.1.0,None,,0,https://play-lh.googleusercontent.com/a/ACg8ocKdIZ1OucxaHnQ5anfRdK7Xg0UMgQildQDNCgT0tE7_ce9_JQ=mo,CBE,Google Play
Mubarek Abdureshid,3,2025-04-01 19:16:48,·â†·ã®·ãà·à© ·ä†·çï·ã∞·âµ ·ä•·ã®·å†·ã®·âÄ·äù ·äê·ãç ·àà·äê·åà·à© ·â•·à≠ ·àµ·àå·àà·äù ·ã≠·àÜ·äì·àç ·ä•·äì ·àù·äï ·àà·àõ·àà·âµ ·çà·àç·åà ·àò·à∞·àã·âπ ·ãà·àã·àÖ ·âº·åç·àÆ·äõ·àç ü•∫ü•∫ü•∫,5addc9b7-03d8-48d2-a74a-afecb6cc5de0,5.1.0,None,,1,https://play-lh.googleusercontent.com/a-/ALV-UjXkI-ur0G62SLFDZEwB5zRvG0mJwVSdYr3DPZi8KSNkLI6ssys1,CBE,Google Play
Getu Girma,5,2025-04-01 19:10:43,very interesting app,5b2da8dd-b749-4e65-875b-e9f0f16baeb7,,None,,0,https://play-lh.googleusercontent.com/a-/ALV-UjWbg8ou2TFICNmxnxDXCy_Q-9iF8yq5WWGbdAysrIfAOYyfI-Sn,CBE,Google Play
Zelalem Abebaw,5,2025-04-01 19:00:17,i like it,bd55d9e2-4a60-48ba-8006-44e07d974079,5.1.0,None,,0,https://play-lh.googleusercontent.com/a-/ALV-UjWpbMF_ZgcJXQ6jc4PTF55Vvne-kdq67GoiqBVcsXjCZoiQ6HdO,CBE,Google Play
baharu duba,5,2025-04-01 17:05:08,wow.......cbe.....keep it up.....!!!!!!,7dbbe46f-fd92-430c-89af-efc40cd4b980,5.1.0,None,,0,https://play-lh.googleusercontent.com/a-/ALV-UjUglUAJ8DGGEW2cZaALObkyknNLmRn3bl9NYX6xApbwu4nSw14j,CBE,Google Play
Jebdu Ja,5,2025-04-01 16:58:25,·åä·ãú·äï ·âÜ·å£·â¢ ·ä•·äì ·àÖ·ã≠·ãà·âµ·äï ·âÄ·àà·àç ·ä®·àö·ã´·ã∞·à≠·åâ ·ä¢·âµ·ã¨·å≤·ã´ ·ä´·àâ ·çã·ã≠·äì·äï·àµ ·ä†·çï·àç·ä¨·àΩ·äñ·âΩ ·àÅ·àâ ·ã≠·àÑ ·ã≠·àà·ã´·àç,4d350aed-c16f-4f6c-a70f-2a9c33896aad,5.0.9,None,,0,https://play-lh.googleusercontent.com/a-/ALV-UjWsfKXOG1H7HHp-sMx51_snbznp5VUVUP1IECgkqXyyFynk1xc,CBE,Google Play
Ayano G,5,2025-04-01 15:09:01,Excellentüôèapp,9221a6a3-2e51-40bc-99be-03a13a670e9e,5.1.0,None,,0,https://play-lh.googleusercontent.com/a/ACg8ocL2c8kYE_ak-HHlUoqHEeShXi-PaU8CRehjE7TUaGpa8_q8iw=mo,CBE,Google Play
Behailu Shiferaw,5,2025-04-01 14:48:59,the most useful,0d57028f-d5d5-46af-be80-b30e6c0ebb63,5.1.0,None,,0,https://play-lh.googleusercontent.com/a-/ALV-UjUJU1CSPtqdoy-F4qzXIy7-58BrygPKo1-je65a2FMIOq9x7Sz1,CBE,Google Play
Nesru Abdo,4,2025-04-01 14:37:20,I am more satisfied in this app . More sure you have to secure.,1c2bdc31-563b-4a1b-b318-02af57442ad0,5.1.0,None,,1,https://play-lh.googleusercontent.com/a/ACg8ocJksePlcelBwC6Tjkgvk_jjoZVIsvYRGeRG8exOgWS-DskFLrY=mo,CBE,Google Play
Belsti Getaneh,5,2025-04-01 14:04:45,Easy to use,26591776-dd62-4671-9d4e-e481ba5df9a4,5.1.0,None,,0,https://play-lh.googleusercontent.com/a-/ALV-UjVqT02iy8Lc2v8ucMx4bYMR3XZjUNuTm4WtAjbyLs0Srl0NrLg,CBE,Google Play
Ibrahim Dinku,4,2025-04-01 13:52:59,"very good, but sometimes NUR CBE comes without my consent. even if I choose locked, it appears",13003c33-c77b-4786-aad5-49077c6fcee8,5.1.0,None,,4,https://play-lh.googleusercontent.com/a-/ALV-UjUGdwtZ9IZ9csegWo1L3xYoBTsqGUCQAvEfCHUkdCUv4Itxk80,CBE,Google Play
Yared Alemayehu,5,2025-04-01 13:49:06,Excellent !!!,e0ddd84f-e07c-413f-8b5e-f27eba75af42,5.1.0,None,,0,https://play-lh.googleusercontent.com/a/ACg8ocJN3wQVcR4Friz621YbpCcO9-5ASEtakgUsEaEWDC6zfpXR4A=mo,CBE,Google Play
Nige Nigatu,5,2025-04-01 12:33:40,always we relay on,fa099e0a-0307-4579-bd01-bbf0655d5573,5.1.0,None,,0,https://play-lh.googleusercontent.com/a-/ALV-UjWbruREDBt02firE8pVPaHdfUM3hJP3k_lF0bKP_CNZSszF2Pk,CBE,Google Play
Natnael Papillon,5,2025-04-01 12:23:51,I'm lucky to have thisüôè thank you CBE.,42b5a10f-6e06-4f71-98f0-bd8bf4c9133f,5.1.0,None,,1,https://play-lh.googleusercontent.com/a-/ALV-UjVsbrOsqlNKljyR4Qb5JF84ntSn4pFAThHcgVwK9714TqbyEZ4,CBE,Google Play
Epixel Studios,4,2025-04-01 11:53:22,it's need more improvement like Tellbirr.,af37bc79-002c-4d3d-a4d6-e7d758e32636,,None,,0,https://play-lh.googleusercontent.com/a-/ALV-UjVLvTgVH_fQt9UWh7yGYpbvHz-M_QifyGJP29uOUP1M1eTvHvs,CBE,Google Play
Eyob Hidego,5,2025-04-01 11:38:56,goode app,8ab121bb-c13e-4177-a619-291a13f9acf9,5.1.0,None,,0,https://play-lh.googleusercontent.com/a-/ALV-UjULBwjslEgtz-rdORQpJ-1d4S1OvVNJRv_wEq8PgQvjwfq1GVc,CBE,Google Play
Amir,5,2025-04-01 09:58:58,a very nice app.üëçüëçüëç,3622c470-9200-4cab-8183-63dc3a67b4e3,,None,,0,https://play-lh.googleusercontent.com/a/ACg8ocIpndrh_hemToqN3kbKscEBNKzJRaoQOTPq8Hssw4vGp3KzKg=mo,CBE,Google Play
Kaba Dinssa,5,2025-04-01 09:56:59,safe easy & fast,ebc087cb-987a-4c88-be6a-a54efdbf2ecc,5.1.0,None,,0,https://play-lh.googleusercontent.com/a-/ALV-UjWxh5WV5Hyk9imcE2ih6VeLm3lWoyHoSroDHrP7qnwDesEu-hEE,CBE,Google Play
Emito W.giorgis (Theodros),5,2025-04-01 09:51:55,perfect,82b109ae-7216-494b-98ef-3d12b54a4f28,5.1.0,None,,0,https://play-lh.googleusercontent.com/a-/ALV-UjVEY7YJhduC0-yrQwzXpYsM6Z95ce-AHOo6Vgpc4UVnyOjKj8Rc,CBE,Google Play
Samuel Kalayu,5,2025-04-01 09:41:54,it's good app,88ccbe0d-c8f0-422b-a692-18a44d07c0e1,5.1.0,None,,0,https://play-lh.googleusercontent.com/a/ACg8ocLaNznygkm3eVtpblKyohUS9yX5BTk1RdarKHI2uUWqhO9dyg=mo,CBE,Google Play
Daniel Fessha,5,2025-04-01 09:34:36,nice,26d38b1f-9b76-40b3-b818-8cb7b3b82538,,None,,0,https://play-lh.googleusercontent.com/a-/ALV-UjWwTI7bEGLzcEE07I05RVpS7HCJ8ihBYdOG0dGMmn8zLsbEomFZ,CBE,Google Play
Dr. Kanbiro Orkaido,5,2025-04-01 09:08:41,good app,a5282f47-4433-4cc6-b295-670275f77224,,None,,0,https://play-lh.googleusercontent.com/a-/ALV-UjUbqmbtgSvh9OfUdIonVTtB-wBdcKViRPAjtWzgs_obv013ZrY,CBE,Google Play
Yassin Mohammed,5,2025-04-01 08:59:21,It is veary useful app but screen shout was impossible .solve this problem,7894c0af-08f2-4e6f-8034-fd8b72e784d6,5.1.0,None,,3,https://play-lh.googleusercontent.com/a-/ALV-UjVr964ojlBosQpH35MJdi_Imbi7wCWWW2kUpqbPMnhgRAJlWMLE,CBE,Google Play
Abdulmanan Kedir,5,2025-04-01 08:59:11,·å•·à© ·äê·ãç,f52647ea-3db3-4fc6-a088-c3de257c73ae,5.1.0,None,,0,https://play-lh.googleusercontent.com/a/ACg8ocIE_O-379lkcbQYM_DKU3CISA6kanAy7nD17q6XMT2S5xa5sQ=mo,CBE,Google Play
Eyob Sisay,5,2025-04-01 08:47:19,·ä•·åÖ·åç ·â†·å£·àù ·å•·à© ·ä†·çï,42da0475-00f3-4431-805c-0ff35c500103,5.1.0,None,,0,https://play-lh.googleusercontent.com/a-/ALV-UjVcUDvZov47Jk8J0IUpet5C1fumQPNq-W4H84m9RJU1ZlSQPv4,CBE,Google Play
Zehara Mekonen,5,2025-04-01 08:24:25,good,66c38176-7616-4a61-ac92-34e4a88d9acd,,None,,0,https://play-lh.googleusercontent.com/a/ACg8ocJA6nrbt0MeyLnzI5qsssfl5_DCKGZc2Rd2Gt41oaV4jhfpyg=mo,CBE,Google Play
Habetamu Hayleiyesus,5,2025-04-01 07:44:30,·â†·å£·àù ·àÉ·à™·çç ·äê·ãç ·åç·äï ·â•·à≠ ·â†·àö·â∞·àã·àà·çç·â†·âµ ·ãà·âÖ·âµ ·â∞·âÄ·äï·à∑·àç ·ã≠·àã·àç ·ä•·àã·çä ·àò·àç·ä≠·â± ·ã≠·ã∞·à≠·à≥·àç ·åç·äï ·ä†·ã≠·âÄ·äï·àµ·àù,cb135a05-7b66-434d-9181-c23d5c7d9e23,5.1.0,None,,0,https://play-lh.googleusercontent.com/a-/ALV-UjU8r9NKEbGZ71euW9epJvxyUhyoaQTVimiTe6dwUrP9N8xtvXMD_Q,CBE,Google Play
Ramadan Hajiahamad,4,2025-04-01 07:44:01,suitable app,43779e4d-a876-4de2-9944-7abcc492f573,5.1.0,None,,0,https://play-lh.googleusercontent.com/a/ACg8ocI2h5o9OKqimFEOrafASrmnJcv4DEMSPcKkXir3UNkuer3i6g=mo,CBE,Google Play
Zeget Foryou,1,2025-04-01 06:32:36,Dear cbe this app is not comparable with 21century and pls try to solve it.üíÄüíÄüíÄ,e22738d0-c7a2-4dff-a684-a29672cca142,,None,,0,https://play-lh.googleusercontent.com/a-/ALV-UjWHQIXH_0O5p5htB_1zJrnsX4WfcfzUnubl09h020UiKIpPMf7G,CBE,Google Play
Frezer Tsegaye,5,2025-04-01 06:20:58,Good,8827fe2d-7923-477a-9f14-e5447c4fba2e,5.1.0,None,,0,https://play-lh.googleusercontent.com/a/ACg8ocL8jVjkyf7FHGy0fO1_Ssrirkt_L9-nA8MSa0xaryGI8YrVSw=mo,CBE,Google Play
abenezer alemayehu,5,2025-04-01 06:18:50,nice app,45952067-6a89-4256-a0e9-c14c2e91793f,5.1.0,None,,0,https://play-lh.googleusercontent.com/a-/ALV-UjWpeBACmqwZiOMol-Wqp9-PyXZ9P-v_EPv-Y-PHy-eFZ0Reims,CBE,Google Play
Tinsae Yiglet,5,2025-04-01 06:00:41,best transaction method of financial,1197e3a2-f9e4-439b-9893-1c82e3e23621,5.1.0,None,,0,https://play-lh.googleusercontent.com/a-/ALV-UjV_34AvVDY8_4F5d1bLtz9RQ9TEKO6snW6YbOJFMU5hQusraP1C,CBE,Google Play
Yohannes Ayele,5,2025-04-01 05:24:12,#CBE is Now going to on the right Pathway/track/!! Thank you CBE one step ahead on payment platform app!!,d1a344d7-ae11-4752-960c-05c1fddb5b52,,None,,0,https://play-lh.googleusercontent.com/a-/ALV-UjWpZqpGf6IDbrkIMwt9Tay9u95emLiI6hVBcjTov2YjrWKAUXA,CBE,Google Play
Jo Shewa,4,2025-04-01 04:58:15,It literarily don't work at all,ea74a6f2-d8ab-438e-a386-f2dee8d6f603,5.1.0,None,,0,https://play-lh.googleusercontent.com/a-/ALV-UjXZPybsaNCWNZHvYSLuy4um9ZDnGTcV0oowpVrI-NpTHktn1iWt,CBE,Google Play
Binuko gude,5,2025-04-01 03:04:22,good give us plus,43b3f185-c628-4daa-896d-8b3e629f5809,5.1.0,None,,0,https://play-lh.googleusercontent.com/a-/ALV-UjV88tpPXi276AaTEKV1MkqFF7qmhkc7VO0eJYChrvW_xGJo_yQ,CBE,Google Play
SELIHOM SONGS,4,2025-04-01 01:27:55,"Very good application. However, I have one functionality recommendation. What if you let the app transfer money to any telebirr account as for MPESA? By the way, I am not the only one to ask this. Thank you!",e86dc853-b071-4ba1-8326-6cb96f6fc354,5.1.0,None,,10,https://play-lh.googleusercontent.com/a-/ALV-UjVDvjNJWw1ZX6QiwULA0imudFyqMmpKHg8yMG1G16FKAqqcNLbr,CBE,Google Play
HAYATV,4,2025-04-01 00:39:45,before update it was able to screenshot while after update I can't able to screenshot the transfere details,7a680c7a-6fdc-41e9-b751-4de7d7d5a586,,None,,0,https://play-lh.googleusercontent.com/a-/ALV-UjVNmnZ1fzK9l4HvtPLQr93uOI1iAGpV-VFDiao7Z2i4MHZKMmo,CBE,Google Play
Kidus Tesfu,5,2025-04-01 00:08:46,Tnc Cbe,58ac2da8-ba62-4d71-ac66-a68fd38a26dd,5.1.0,None,,0,https://play-lh.googleusercontent.com/a-/ALV-UjXbedmw4HI08M2l-9qgr8oZbXRnLuWb5aVHauZ1gpfOm9efKY3a,CBE,Google Play
Tamerat Mekonnen,4,2025-03-31 23:41:26,it is good app. But you have integrate cbe with cbe birr. to allow cardless withdrawal directly from our accout!,3c3f6d93-93b9-45d5-94c8-e2a99c962179,5.1.0,None,,5,https://play-lh.googleusercontent.com/a-/ALV-UjXXR6GJXNkbaB3EiXTIXBQXobc6PbNxJN0IbEN-GIVSyp0JNXaQ,CBE,Google Play
Geremew Chelebo,5,2025-03-31 23:08:38,great apps,743bfabe-54ca-4a94-b2a2-8bf09555b34d,,None,,0,https://play-lh.googleusercontent.com/a/ACg8ocIoA2t843lSlp5tyxAcDvb5Nf9ajiVu4mpxFWFcUFo240EcYw=mo,CBE,Google Play
wondimu tumate,5,2025-03-31 22:31:02,Excellent,f3df8cda-5f2b-4e38-b4ce-fc7e12344556,5.1.0,None,,0,https://play-lh.googleusercontent.com/a-/ALV-UjWNAjyWcz-hJO5c80Qfq3w4DBT-ZIo_4qu1GXUAohSjCk75OVg1,CBE,Google Play
getahun gech,4,2025-03-31 22:28:45,Great app!,67568df9-a2e8-4104-9724-dd3dd1a03131,,None,,0,https://play-lh.googleusercontent.com/a-/ALV-UjWtSmB9vsLPPoENlOxzsWZtuHAnTVo7vr3tuttte9v0NxZ4Or17,CBE,Google Play
Shelema Wedajo,5,2025-03-31 21:45:13,nice,fa9d1e04-977b-4ee0-b6ec-b76d901a2280,,None,,0,https://play-lh.googleusercontent.com/a/ACg8ocKAfqM7f8iTr1voHAOUQFTLVZBZP7bzzX8oUwbvFHd5AudKZg=mo,CBE,Google Play
Misganaw Tomas,5,2025-03-31 21:24:42,CBE,2a88f2f3-965c-47cd-b64b-ee1881d09232,5.1.0,None,,0,https://play-lh.googleusercontent.com/a-/ALV-UjXnotg6bBK80Z7yqzR7CHTxMf2ceQXDTnlD9cKi2vllEIkpL0k,CBE,Google Play
Amiir Musse,5,2025-03-31 21:09:27,very good üëç üëè,ac9cefce-05ec-4da5-aec6-e183ee106c4a,5.1.0,None,,0,https://play-lh.googleusercontent.com/a-/ALV-UjX_5o8bSMk9QRBud4FRx7zrpu22y79yQdvRfNEXxyIeRP4jdbI0,CBE,Google Play
Dellu Bw,5,2025-03-31 21:04:26,great when it works,38326d80-7315-4120-ab6d-63f3b1c4df98,,None,,0,https://play-lh.googleusercontent.com/a/ACg8ocKtr-4MY3DN1YmFqThFZAUFurvi2xS-1DjzRWWPyfIua3BN9A=mo,CBE,Google Play
Fikiru Alemu,5,2025-03-31 20:54:32,"the app is very good, but why screenshots is impossible?",117f3f1a-7d6b-4b72-9ca8-64dde3c8c500,5.1.0,None,,2,https://play-lh.googleusercontent.com/a-/ALV-UjU3hPnS3qa8Ud8DdlKhvJm9QFP-a7sqXR5MEsNFpswrjx7gvTTt,CBE,Google Play
Fbarre researcher,5,2025-03-31 20:18:19,excellent match application,3ec5c74f-2d0c-4062-91fb-e7abbaea3ac6,5.1.0,None,,0,https://play-lh.googleusercontent.com/a-/ALV-UjWhwU1x1PPhn-zDyWXH-se4om4Im3NWZ4p7XE50gEcbTITvu60p,CBE,Google Play
Abdurazak Abdela,5,2025-03-31 19:45:55,very good,e85a3c43-ff28-44dd-8aa5-9414ac1a6178,5.1.0,None,,0,https://play-lh.googleusercontent.com/a/ACg8ocIlHBCwQQcn64qcEesjgQ5U3vbe-iOdDvXGVfYf3NNvc6AX=mo,CBE,Google Play
Amar Alamaw Ereta,5,2025-03-31 19:30:43,best app,26d2c176-5329-4bea-93a5-317407333594,5.1.0,None,,0,https://play-lh.googleusercontent.com/a/ACg8ocJ09h8KH1tTTPTmphYtDnB4kNVUoun8p1dyTYcrVoFtpTLRmA=mo,CBE,Google Play
Samuel,5,2025-03-31 18:51:04,The Best appüòçüòçüòç,1e1d4fb5-8c70-476d-b2ff-61c89287f9e0,5.1.0,None,,0,https://play-lh.googleusercontent.com/a-/ALV-UjV0juRcmZwwwfk8nQ7Rt-UYfIdqTfCeBgVjEPAm43jpKjN3rZI,CBE,Google Play
MEBRATU MENA,5,2025-03-31 18:48:00,excellent app,7220306f-9af6-4084-bcf2-8ddfa328dc86,5.1.0,None,,0,https://play-lh.googleusercontent.com/a/ACg8ocIjJBzW8TYaJwT7ydTkSb5Y9FLjwkZErNVSbI8Po0k0RijgZdE=mo,CBE,Google Play
Angafaw Tadesse,5,2025-03-31 18:44:26,easy to use and user friendly,8c89fe6d-7d41-449f-8448-50847ff76c5f,5.1.0,None,,2,https://play-lh.googleusercontent.com/a-/ALV-UjUBiQhDZF4WPnEgx_ypfRc2uZTfMGRDeB4bhl6L7e09z3PToc4,CBE,Google Play
Tize Zgreat,5,2025-03-31 18:41:02,good,2b8f9113-48a0-4677-b2a8-84bd3bea1a6c,5.1.0,None,,0,https://play-lh.googleusercontent.com/a-/ALV-UjWl2lzl52M5KfxI7mTrI6yRIi1hGGihOGTrWonWnXgalHJd_Jsb,CBE,Google Play
china China,5,2025-03-31 18:34:55,very nice,51289b2b-340b-47a9-bc8f-6b95066a97e6,5.1.0,None,,0,https://play-lh.googleusercontent.com/a-/ALV-UjXRByIwJ0z4kBABMRC-kA9YbUkNuocKxUar_vx7FHjK0FlXbnwP,CBE,Google Play
Elphaz Adamu,3,2025-03-31 18:10:15,·ä†·à™·çç ·äê·ãç ·â†·â∞·àà·ã≠ ·ã®·ä†·àª·à´ ·ã∞·àÖ·äê·â± ·àò·à®·åã·åà·å° ·â∞·àò·âΩ·â∂·äõ·àç,8b6f3b5e-94b2-4b69-a31e-9ffa05a80222,5.1.0,None,,0,https://play-lh.googleusercontent.com/a-/ALV-UjUJ40hUYxd79yTrxUzIEKJLvLWx8DZjYAgeGpWgMhwwrgl4Fqem,CBE,Google Play
Wisdom of Life,5,2025-03-31 18:08:49,well software,9328d6af-18b9-4c46-b25f-3aaf8bd18a2f,,None,,0,https://play-lh.googleusercontent.com/a-/ALV-UjXVVFS9rGxJolE-EXYbPMQOZk1fUEXXaB8IbZxUR8iBm4wwJUA,CBE,Google Play
Mubarek Hussen,4,2025-03-31 17:53:20,·å•·à© ·äê·ãç ·ä†·äï·ã≥·äï·ã¥ ·àµ·â≥·ä≠ ·â¢·ã´·ã∞·à≠·åç·àù,a7541548-6ac8-429f-853c-9b91828e5aa2,5.1.0,None,,0,https://play-lh.googleusercontent.com/a/ACg8ocL6LVIXfQUAo75sxH2gf3T4QlIaJXE9pNsl6ZF-pUL23uXxow=mo,CBE,Google Play
